시군구,번지,단지명,전용면적,거래금액
서울특별시 강남구 개포동,655-2,개포2차현대아파트(220),77.75,"149,500"
서울특별시 강남구 개포동,658-1,개포6차우성아파트1동~8동,79.97,"162,750"
서울특별시 강남구 개포동,658-1,개포6차우성아파트1동~8동,79.97,"160,000"
서울특별시 강남구 개포동,658-1,개포6차우성아파트1동~8동,79.97,"150,000"
서울특별시 강남구 개포동,658-1,개포6차우성아파트1동~8동,67.28,"120,000"
서울특별시 강남구 개포동,658-1,개포6차우성아파트1동~8동,79.97,"169,800"
서울특별시 강남구 개포동,658-1,개포6차우성아파트1동~8동,79.97,"178,000"
서울특별시 강남구 개포동,652,개포우성3차,161,"268,500"
서울특별시 강남구 개포동,652,개포우성3차,161,"270,000"
서울특별시 강남구 개포동,652,개포우성3차,104.43,"195,500"
서울특별시 강남구 개포동,652,개포우성3차,161,"280,000"
서울특별시 강남구 개포동,12-2,개포자이(12-2),153.8,"252,000"
서울특별시 강남구 개포동,187,개포주공 5단지,74.25,"189,000"
서울특별시 강남구 개포동,187,개포주공 5단지,61.19,"167,500"
서울특별시 강남구 개포동,187,개포주공 5단지,74.25,"185,000"
서울특별시 강남구 개포동,187,개포주공 5단지,61.19,"180,000"
서울특별시 강남구 개포동,187,개포주공 5단지,61.19,"172,000"
서울특별시 강남구 개포동,187,개포주공 5단지,74.25,"200,000"
서울특별시 강남구 개포동,187,개포주공 5단지,74.25,"190,000"
서울특별시 강남구 개포동,187,개포주공 5단지,83.17,"220,000"
서울특별시 강남구 개포동,187,개포주공 5단지,83.17,"215,000"
서울특별시 강남구 개포동,187,개포주공 5단지,61.19,"190,000"
서울특별시 강남구 개포동,187,개포주공 5단지,74.25,"205,000"
서울특별시 강남구 개포동,187,개포주공 5단지,61.19,"189,000"
서울특별시 강남구 개포동,187,개포주공 5단지,74.25,"210,000"
서울특별시 강남구 개포동,187,개포주공 5단지,83.17,"215,000"
서울특별시 강남구 개포동,187,개포주공 5단지,83.17,"220,000"
서울특별시 강남구 개포동,187,개포주공 5단지,83.17,"222,000"
서울특별시 강남구 개포동,187,개포주공 5단지,74.25,"209,500"
서울특별시 강남구 개포동,187,개포주공 5단지,61.19,"193,000"
서울특별시 강남구 개포동,187,개포주공 5단지,83.17,"230,000"
서울특별시 강남구 개포동,187,개포주공 5단지,53.98,"184,000"
서울특별시 강남구 개포동,187,개포주공 5단지,53.98,"184,000"
서울특별시 강남구 개포동,187,개포주공 5단지,83.17,"230,000"
서울특별시 강남구 개포동,187,개포주공 5단지,74.25,"215,000"
서울특별시 강남구 개포동,185,개포주공 6단지,60.13,"165,000"
서울특별시 강남구 개포동,185,개포주공 6단지,60.13,"171,500"
서울특별시 강남구 개포동,185,개포주공 6단지,73.02,"180,000"
서울특별시 강남구 개포동,185,개포주공 6단지,83.21,"205,000"
서울특별시 강남구 개포동,185,개포주공 6단지,73.02,"193,000"
서울특별시 강남구 개포동,185,개포주공 6단지,83.21,"210,000"
서울특별시 강남구 개포동,185,개포주공 6단지,53.06,"77,500"
서울특별시 강남구 개포동,185,개포주공 6단지,53.06,"163,000"
서울특별시 강남구 개포동,185,개포주공 6단지,73.02,"194,000"
서울특별시 강남구 개포동,185,개포주공 6단지,83.21,"209,000"
서울특별시 강남구 개포동,185,개포주공 6단지,73.02,"195,000"
서울특별시 강남구 개포동,185,개포주공 6단지,73.02,"195,000"
서울특별시 강남구 개포동,185,개포주공 6단지,60.13,"185,000"
서울특별시 강남구 개포동,185,개포주공 6단지,83.21,"220,000"
서울특별시 강남구 개포동,185,개포주공 7단지,83.7,"195,000"
서울특별시 강남구 개포동,185,개포주공 7단지,73.26,"183,000"
서울특별시 강남구 개포동,185,개포주공 7단지,83.7,"202,000"
서울특별시 강남구 개포동,185,개포주공 7단지,60.76,"179,500"
서울특별시 강남구 개포동,185,개포주공 7단지,60.76,"173,000"
서울특별시 강남구 개포동,185,개포주공 7단지,60.76,"180,000"
서울특별시 강남구 개포동,185,개포주공 7단지,73.26,"205,000"
서울특별시 강남구 개포동,185,개포주공 7단지,60.76,"175,000"
서울특별시 강남구 개포동,185,개포주공 7단지,60.76,"185,000"
서울특별시 강남구 개포동,649,경남1,96.98,"200,000"
서울특별시 강남구 개포동,649,경남1,96.98,"215,000"
서울특별시 강남구 개포동,649,경남1,96.98,"210,000"
서울특별시 강남구 개포동,649,경남1,123.28,"265,000"
서울특별시 강남구 개포동,649,경남1,123.28,"268,000"
서울특별시 강남구 개포동,649,경남2차,182.2,"279,000"
서울특별시 강남구 개포동,649,경남2차,182.2,"270,000"
서울특별시 강남구 개포동,1164-30,뉴현대파크빌,69.55,"62,000"
서울특별시 강남구 개포동,138,디에이치아너힐즈,84.36,"227,000"
서울특별시 강남구 개포동,138,디에이치아너힐즈,59.87,"207,000"
서울특별시 강남구 개포동,138,디에이치아너힐즈,59.75,"205,000"
서울특별시 강남구 개포동,138,디에이치아너힐즈,84.36,"283,000"
서울특별시 강남구 개포동,138,디에이치아너힐즈,76.17,"264,000"
서울특별시 강남구 개포동,138,디에이치아너힐즈,59.87,"196,500"
서울특별시 강남구 개포동,138,디에이치아너힐즈,76.17,"259,000"
서울특별시 강남구 개포동,138,디에이치아너힐즈,76.17,"260,000"
서울특별시 강남구 개포동,138,디에이치아너힐즈,84.36,"280,000"
서울특별시 강남구 개포동,1280,래미안블레스티지,84.94,"243,000"
서울특별시 강남구 개포동,1280,래미안블레스티지,84.94,"251,000"
서울특별시 강남구 개포동,1280,래미안블레스티지,59.967,"189,000"
서울특별시 강남구 개포동,1280,래미안블레스티지,84.943,"260,000"
서울특별시 강남구 개포동,1280,래미안블레스티지,49.909,"155,000"
서울특별시 강남구 개포동,1280,래미안블레스티지,99.967,"280,000"
서울특별시 강남구 개포동,1280,래미안블레스티지,84.94,"270,000"
서울특별시 강남구 개포동,1280,래미안블레스티지,99.919,"310,000"
서울특별시 강남구 개포동,1280,래미안블레스티지,99.991,"290,000"
서울특별시 강남구 개포동,1280,래미안블레스티지,59.837,"196,000"
서울특별시 강남구 개포동,1280,래미안블레스티지,84.943,"248,000"
서울특별시 강남구 개포동,1280,래미안블레스티지,84.95,"264,000"
서울특별시 강남구 개포동,1280,래미안블레스티지,99.967,"280,000"
서울특별시 강남구 개포동,1280,래미안블레스티지,59.967,"200,000"
서울특별시 강남구 개포동,1280,래미안블레스티지,59.967,"200,000"
서울특별시 강남구 개포동,1280,래미안블레스티지,126.928,"355,000"
서울특별시 강남구 개포동,1280,래미안블레스티지,84.94,"265,000"
서울특별시 강남구 개포동,1280,래미안블레스티지,84.943,"280,000"
서울특별시 강남구 개포동,1280,래미안블레스티지,59.967,"200,000"
서울특별시 강남구 개포동,1280,래미안블레스티지,99.979,"315,000"
서울특별시 강남구 개포동,1280,래미안블레스티지,59.967,"197,000"
서울특별시 강남구 개포동,1164-25,리더스,83.62,"65,000"
서울특별시 강남구 개포동,1204-5,리치타운,107.88,"80,500"
서울특별시 강남구 개포동,12,삼익대청아파트,60,"132,000"
서울특별시 강남구 개포동,12,삼익대청아파트,60,"129,000"
서울특별시 강남구 개포동,12,삼익대청아파트,39.53,"105,000"
서울특별시 강남구 개포동,12,삼익대청아파트,39.53,"100,000"
서울특별시 강남구 개포동,12,삼익대청아파트,39.53,"104,000"
서울특별시 강남구 개포동,12,삼익대청아파트,39.53,"105,000"
서울특별시 강남구 개포동,12,삼익대청아파트,51.12,"120,000"
서울특별시 강남구 개포동,12,삼익대청아파트,51.12,"120,000"
서울특별시 강남구 개포동,12,삼익대청아파트,39.53,"110,000"
서울특별시 강남구 개포동,12,삼익대청아파트,51.12,"130,000"
서울특별시 강남구 개포동,12,삼익대청아파트,60,"150,000"
서울특별시 강남구 개포동,12,삼익대청아파트,39.53,"117,000"
서울특별시 강남구 개포동,12,삼익대청아파트,39.53,"111,000"
서울특별시 강남구 개포동,12,삼익대청아파트,60,"148,800"
서울특별시 강남구 개포동,12,삼익대청아파트,39.53,"113,000"
서울특별시 강남구 개포동,12,삼익대청아파트,60,"154,000"
서울특별시 강남구 개포동,12,삼익대청아파트,60,"144,000"
서울특별시 강남구 개포동,12,삼익대청아파트,60,"149,000"
서울특별시 강남구 개포동,1164-12,새롬(1164-12),73.5,"64,000"
서울특별시 강남구 개포동,12,성원대치2단지아파트,39.53,"101,000"
서울특별시 강남구 개포동,12,성원대치2단지아파트,33.18,"89,000"
서울특별시 강남구 개포동,12,성원대치2단지아파트,33.18,"95,000"
서울특별시 강남구 개포동,12,성원대치2단지아파트,33.18,"89,800"
서울특별시 강남구 개포동,12,성원대치2단지아파트,33.18,"87,500"
서울특별시 강남구 개포동,12,성원대치2단지아파트,39.53,"100,000"
서울특별시 강남구 개포동,12,성원대치2단지아파트,39.53,"110,000"
서울특별시 강남구 개포동,12,성원대치2단지아파트,49.86,"130,000"
서울특별시 강남구 개포동,12,성원대치2단지아파트,49.86,"133,000"
서울특별시 강남구 개포동,12,성원대치2단지아파트,49.86,"135,000"
서울특별시 강남구 개포동,12,성원대치2단지아파트,49.86,"127,000"
서울특별시 강남구 개포동,12,성원대치2단지아파트,39.53,"118,000"
서울특별시 강남구 개포동,12,성원대치2단지아파트,39.53,"121,000"
서울특별시 강남구 개포동,12,성원대치2단지아파트,33.18,"99,000"
서울특별시 강남구 개포동,12,성원대치2단지아파트,33.18,"100,000"
서울특별시 강남구 개포동,12,성원대치2단지아파트,33.18,"100,000"
서울특별시 강남구 개포동,12,성원대치2단지아파트,33.18,"102,400"
서울특별시 강남구 개포동,12,성원대치2단지아파트,39.53,"115,000"
서울특별시 강남구 개포동,12,성원대치2단지아파트,39.53,"115,000"
서울특별시 강남구 개포동,12,성원대치2단지아파트,39.53,"112,000"
서울특별시 강남구 개포동,12,성원대치2단지아파트,49.86,"136,000"
서울특별시 강남구 개포동,12,성원대치2단지아파트,33.18,"98,500"
서울특별시 강남구 개포동,12,성원대치2단지아파트,49.86,"134,000"
서울특별시 강남구 개포동,12,성원대치2단지아파트,49.86,"133,000"
서울특별시 강남구 개포동,12,성원대치2단지아파트,33.18,"91,000"
서울특별시 강남구 개포동,12,성원대치2단지아파트,33.18,"99,800"
서울특별시 강남구 개포동,12,성원대치2단지아파트,33.18,"100,000"
서울특별시 강남구 개포동,12,성원대치2단지아파트,49.86,"140,000"
서울특별시 강남구 개포동,12,성원대치2단지아파트,39.53,"120,000"
서울특별시 강남구 개포동,12,성원대치2단지아파트,39.53,"119,000"
서울특별시 강남구 개포동,12,성원대치2단지아파트,39.53,"120,000"
서울특별시 강남구 개포동,12,성원대치2단지아파트,49.86,"136,000"
서울특별시 강남구 개포동,179,우성8,78.93,"91,000"
서울특별시 강남구 개포동,179,우성8,79.61,"181,000"
서울특별시 강남구 개포동,179,우성8,78.93,"188,000"
서울특별시 강남구 개포동,179,우성8,79.61,"184,500"
서울특별시 강남구 개포동,1260-11,우찬현대(1260-11),100.5,"77,500"
서울특별시 강남구 개포동,653,현대1차101동~106동,128.62,"220,000"
서울특별시 강남구 개포동,653,현대1차101동~106동,95.4,"190,000"
서울특별시 강남구 개포동,653,현대1차101동~106동,177.19,"275,000"
서울특별시 강남구 개포동,653,현대1차101동~106동,177.19,"272,000"
서울특별시 강남구 개포동,653,현대1차101동~106동,177.19,"271,000"
서울특별시 강남구 개포동,653,현대1차101동~106동,177.19,"285,000"
서울특별시 강남구 개포동,653,현대1차101동~106동,128.62,"250,000"
서울특별시 강남구 개포동,654,현대2,131.83,"253,500"
서울특별시 강남구 개포동,654,현대2,165.08,"274,000"
서울특별시 강남구 개포동,654,현대2,131.83,"252,000"
서울특별시 강남구 개포동,654,현대2,165.08,"298,000"
서울특별시 강남구 개포동,654,현대2,165.08,"310,000"
서울특별시 강남구 논현동,195-1,e-편한세상,129.1841,"140,000"
서울특별시 강남구 논현동,195-1,e-편한세상,129.1841,"145,000"
서울특별시 강남구 논현동,196,거평프리젠,39.035,"38,000"
서울특별시 강남구 논현동,196,거평프리젠,39.035,"42,000"
서울특별시 강남구 논현동,196,거평프리젠,39.035,"40,500"
서울특별시 강남구 논현동,274,경남논현,84.89,"130,000"
서울특별시 강남구 논현동,212-13,논현동월드메르디앙,115.9483,"139,000"
서울특별시 강남구 논현동,108,논현웰스톤,81.98,"111,300"
서울특별시 강남구 논현동,105-3,논현한가람빌라트,84.95,"119,000"
서울특별시 강남구 논현동,212-20,더그레이스,98.81,"85,000"
서울특별시 강남구 논현동,275,동부센트레빌,84.9875,"148,200"
서울특별시 강남구 논현동,275,동부센트레빌,84.9875,"156,000"
서울특별시 강남구 논현동,275,동부센트레빌,114.498,"187,000"
서울특별시 강남구 논현동,275,동부센트레빌,84.9875,"158,000"
서울특별시 강남구 논현동,245,동양파라곤,157.41,"270,000"
서울특별시 강남구 논현동,105,동현아파트 1~6,84.92,"168,000"
서울특별시 강남구 논현동,105,동현아파트 1~6,119.67,"186,000"
서울특별시 강남구 논현동,105,동현아파트 1~6,84.92,"168,500"
서울특별시 강남구 논현동,105,동현아파트 1~6,84.92,"172,000"
서울특별시 강남구 논현동,105,동현아파트 1~6,84.92,"177,000"
서울특별시 강남구 논현동,105,동현아파트 1~6,84.92,"172,000"
서울특별시 강남구 논현동,105,동현아파트 1~6,84.92,"171,000"
서울특별시 강남구 논현동,252-1,두산위브1단지,84.993,"164,000"
서울특별시 강남구 논현동,252-1,두산위브1단지,84.993,"159,500"
서울특별시 강남구 논현동,252-1,두산위브1단지,84.993,"154,500"
서울특별시 강남구 논현동,252-1,두산위브1단지,84.993,"163,000"
서울특별시 강남구 논현동,114-23,로체샤르캐슬,105.99,"105,500"
서울특별시 강남구 논현동,114-23,로체샤르캐슬,105.99,"109,000"
서울특별시 강남구 논현동,58-2,마일스디오빌,36.29,"38,900"
서울특별시 강남구 논현동,58-2,마일스디오빌,36.29,"38,400"
서울특별시 강남구 논현동,58-2,마일스디오빌,36.29,"39,500"
서울특별시 강남구 논현동,58-2,마일스디오빌,36.29,"39,000"
서울특별시 강남구 논현동,58-2,마일스디오빌,36.29,"35,000"
서울특별시 강남구 논현동,58-2,마일스디오빌,36.29,"40,000"
서울특별시 강남구 논현동,43-3,브라운스톤,244.2,"215,000"
서울특별시 강남구 논현동,122-25,세호시티라이프,39.6,"31,700"
서울특별시 강남구 논현동,122-25,세호시티라이프,44.29,"33,500"
서울특별시 강남구 논현동,22,신동아(22),35.73,"85,000"
서울특별시 강남구 논현동,22,신동아(22),35.73,"79,999"
서울특별시 강남구 논현동,22,신동아(22),35.73,"84,500"
서울특별시 강남구 논현동,22,신동아(22),35.73,"79,000"
서울특별시 강남구 논현동,22,신동아(22),35.73,"81,500"
서울특별시 강남구 논현동,22,신동아(22),84.52,"149,500"
서울특별시 강남구 논현동,22,신동아(22),35.73,"81,000"
서울특별시 강남구 논현동,22,신동아(22),35.73,"84,000"
서울특별시 강남구 논현동,22,신동아(22),84.52,"146,000"
서울특별시 강남구 논현동,22,신동아(22),35.73,"86,800"
서울특별시 강남구 논현동,22,신동아(22),35.73,"87,000"
서울특별시 강남구 논현동,22,신동아(22),84.52,"147,000"
서울특별시 강남구 논현동,22,신동아(22),35.73,"84,000"
서울특별시 강남구 논현동,22,신동아(22),114.34,"175,000"
서울특별시 강남구 논현동,22,신동아(22),35.73,"88,000"
서울특별시 강남구 논현동,22,신동아(22),35.73,"85,000"
서울특별시 강남구 논현동,103,쌍용,84.87,"119,500"
서울특별시 강남구 논현동,103,쌍용,84.87,"121,000"
서울특별시 강남구 논현동,103,쌍용,84.87,"115,000"
서울특별시 강남구 논현동,103,쌍용,59.91,"96,000"
서울특별시 강남구 논현동,276-1,아크로힐스논현,113.231,"238,000"
서울특별시 강남구 논현동,107-44,우민,74.758,"96,800"
서울특별시 강남구 논현동,107-44,우민,74.758,"95,000"
서울특별시 강남구 논현동,107-44,우민,74.758,"87,000"
서울특별시 강남구 논현동,108-2,제이빌,80.31,"95,000"
서울특별시 강남구 논현동,62-3,"청학아파트 에이동,비동,씨동",85.12,"115,000"
서울특별시 강남구 논현동,271-6,테크노빌라트,80.21,"90,000"
서울특별시 강남구 논현동,221-7,한양수자인어반게이트,16.2,"21,800"
서울특별시 강남구 논현동,105-4,한진로즈힐,84.94,"130,000"
서울특별시 강남구 논현동,105-4,한진로즈힐,84.94,"131,000"
서울특별시 강남구 논현동,105-4,한진로즈힐,103.96,"149,000"
서울특별시 강남구 논현동,105-4,한진로즈힐,103.96,"155,000"
서울특별시 강남구 논현동,194-23,한화꿈에그린2차,83.7,"117,000"
서울특별시 강남구 대치동,503,개포우성1,127.61,"322,000"
서울특별시 강남구 대치동,503,개포우성1,84.81,"258,000"
서울특별시 강남구 대치동,503,개포우성1,84.81,"254,000"
서울특별시 강남구 대치동,503,개포우성1,127.61,"334,000"
서울특별시 강남구 대치동,503,개포우성1,127.61,"340,000"
서울특별시 강남구 대치동,500,개포우성2,127.78,"335,000"
서울특별시 강남구 대치동,500,개포우성2,159.6,"379,000"
서울특별시 강남구 대치동,500,개포우성2,127.78,"325,000"
서울특별시 강남구 대치동,500,개포우성2,127.78,"350,000"
서울특별시 강남구 대치동,500,개포우성2,127.78,"357,000"
서울특별시 강남구 대치동,891-26,대우아이빌멤버스(891-26),35.796,"36,500"
서울특별시 강남구 대치동,891-26,대우아이빌멤버스(891-26),35.236,"36,700"
서울특별시 강남구 대치동,891-26,대우아이빌멤버스(891-26),25.513,"25,000"
서울특별시 강남구 대치동,891-23,대우아이빌명문가(891-23),33.06,"32,500"
서울특별시 강남구 대치동,891-23,대우아이빌명문가(891-23),33.06,"30,300"
서울특별시 강남구 대치동,891-23,대우아이빌명문가(891-23),34.2,"25,500"
서울특별시 강남구 대치동,891-23,대우아이빌명문가(891-23),46.23,"44,000"
서울특별시 강남구 대치동,891-23,대우아이빌명문가(891-23),33.06,"33,000"
서울특별시 강남구 대치동,891-23,대우아이빌명문가(891-23),33.06,"32,800"
서울특별시 강남구 대치동,1029,대치 SK VIEW,84.3865,"270,000"
서울특별시 강남구 대치동,1029,대치 SK VIEW,93.4823,"293,000"
서울특별시 강남구 대치동,1014-3,대치삼성,108.52,"240,000"
서울특별시 강남구 대치동,1014-3,대치삼성,97.35,"239,000"
서울특별시 강남구 대치동,1014-3,대치삼성,97.35,"205,700"
서울특별시 강남구 대치동,1014-3,대치삼성,97.35,"230,000"
서울특별시 강남구 대치동,1014-3,대치삼성,59.88,"170,000"
서울특별시 강남구 대치동,1014-3,대치삼성,108.52,"244,000"
서울특별시 강남구 대치동,1014-3,대치삼성,109.04,"255,000"
서울특별시 강남구 대치동,888,대치아이파크,84.98,"233,000"
서울특별시 강남구 대치동,888,대치아이파크,119.58,"301,000"
서울특별시 강남구 대치동,888,대치아이파크,59.96,"187,000"
서울특별시 강남구 대치동,888,대치아이파크,119.58,"320,000"
서울특별시 강남구 대치동,888,대치아이파크,84.95,"230,000"
서울특별시 강남구 대치동,888,대치아이파크,59.96,"195,000"
서울특별시 강남구 대치동,888,대치아이파크,84.93,"255,000"
서울특별시 강남구 대치동,888,대치아이파크,84.93,"242,000"
서울특별시 강남구 대치동,888,대치아이파크,119.58,"305,000"
서울특별시 강남구 대치동,888,대치아이파크,119.58,"313,000"
서울특별시 강남구 대치동,63,"대치우성아파트1동, 2동, 3동, 5동, 6동, 7동",115.59,"235,000"
서울특별시 강남구 대치동,63,"대치우성아파트1동, 2동, 3동, 5동, 6동, 7동",115.59,"231,500"
서울특별시 강남구 대치동,63,"대치우성아파트1동, 2동, 3동, 5동, 6동, 7동",115.59,"238,000"
서울특별시 강남구 대치동,907-2,대치한신휴플러스,84.99,"160,000"
서울특별시 강남구 대치동,974,대치현대,59.82,"149,000"
서울특별시 강남구 대치동,974,대치현대,85,"205,000"
서울특별시 강남구 대치동,974,대치현대,101.6,"229,000"
서울특별시 강남구 대치동,974,대치현대,59.82,"150,500"
서울특별시 강남구 대치동,974,대치현대,85,"189,300"
서울특별시 강남구 대치동,974,대치현대,85,"200,000"
서울특별시 강남구 대치동,974,대치현대,85,"185,000"
서울특별시 강남구 대치동,988-4,대치효성,59.84,"131,000"
서울특별시 강남구 대치동,988-4,대치효성,59.84,"140,000"
서울특별시 강남구 대치동,988-4,대치효성,84.91,"165,000"
서울특별시 강남구 대치동,670,동부센트레빌,145.83,"360,000"
서울특별시 강남구 대치동,670,동부센트레빌,145.83,"350,000"
서울특별시 강남구 대치동,670,동부센트레빌,121.74,"340,000"
서울특별시 강남구 대치동,670,동부센트레빌,121.74,"340,000"
서울특별시 강남구 대치동,670,동부센트레빌,121.74,"340,000"
서울특별시 강남구 대치동,670,동부센트레빌,121.74,"350,000"
서울특별시 강남구 대치동,670,동부센트레빌,145.83,"360,000"
서울특별시 강남구 대치동,670,동부센트레빌,121.74,"340,000"
서울특별시 강남구 대치동,670,동부센트레빌,121.74,"345,000"
서울특별시 강남구 대치동,670,동부센트레빌,145.83,"385,000"
서울특별시 강남구 대치동,670,동부센트레빌,145.83,"380,000"
서울특별시 강남구 대치동,670,동부센트레빌,145.83,"375,000"
서울특별시 강남구 대치동,985,래미안 대치 하이스턴,110.39,"255,000"
서울특별시 강남구 대치동,985,래미안 대치 하이스턴,110.39,"232,000"
서울특별시 강남구 대치동,985,래미안 대치 하이스턴,110.39,"232,000"
서울특별시 강남구 대치동,985,래미안 대치 하이스턴,110.39,"280,000"
서울특별시 강남구 대치동,1027,래미안대치팰리스,94.49,"305,000"
서울특별시 강남구 대치동,1027,래미안대치팰리스,84.98,"310,000"
서울특별시 강남구 대치동,1027,래미안대치팰리스,94.49,"350,000"
서울특별시 강남구 대치동,1027,래미안대치팰리스,84.97,"300,000"
서울특별시 강남구 대치동,1027,래미안대치팰리스,94.49,"310,000"
서울특별시 강남구 대치동,1027,래미안대치팰리스,84.97,"285,000"
서울특별시 강남구 대치동,1027,래미안대치팰리스,94.49,"327,000"
서울특별시 강남구 대치동,1027,래미안대치팰리스,59.99,"250,000"
서울특별시 강남구 대치동,1027,래미안대치팰리스,94.49,"335,000"
서울특별시 강남구 대치동,1027,래미안대치팰리스,84.99,"300,000"
서울특별시 강남구 대치동,1027,래미안대치팰리스,114.15,"417,000"
서울특별시 강남구 대치동,1027,래미안대치팰리스,94.49,"325,000"
서울특별시 강남구 대치동,1027,래미안대치팰리스,84.97,"291,000"
서울특별시 강남구 대치동,1027,래미안대치팰리스,91.93,"308,000"
서울특별시 강남구 대치동,1027,래미안대치팰리스,91.91,"299,000"
서울특별시 강남구 대치동,1027,래미안대치팰리스,91.89,"290,000"
서울특별시 강남구 대치동,1027,래미안대치팰리스,94.49,"327,000"
서울특별시 강남구 대치동,893,롯데캐슬,107.91,"199,500"
서울특별시 강남구 대치동,893,롯데캐슬,105.18,"202,000"
서울특별시 강남구 대치동,893,롯데캐슬,105.18,"205,000"
서울특별시 강남구 대치동,1025,롯데캐슬리베,121.0894,"262,000"
서울특별시 강남구 대치동,1025,롯데캐슬리베,121.0894,"275,000"
서울특별시 강남구 대치동,506,선경1차(1동-7동),84.35,"266,500"
서울특별시 강남구 대치동,506,선경1차(1동-7동),136.68,"340,000"
서울특별시 강남구 대치동,890-49,선릉역대우아이빌(890-49),28.34,"27,000"
서울특별시 강남구 대치동,890-49,선릉역대우아이빌(890-49),28.34,"29,700"
서울특별시 강남구 대치동,890-49,선릉역대우아이빌(890-49),25.42,"24,500"
서울특별시 강남구 대치동,975-20,세영팔레스타운,84.85,"137,000"
서울특별시 강남구 대치동,975-20,세영팔레스타운,84.85,"139,500"
서울특별시 강남구 대치동,975-20,세영팔레스타운,59.91,"130,000"
서울특별시 강남구 대치동,66,"쌍용대치아파트1동, 2동, 3동, 5동, 6동",128.03,"251,500"
서울특별시 강남구 대치동,66,"쌍용대치아파트1동, 2동, 3동, 5동, 6동",83.56,"210,000"
서울특별시 강남구 대치동,66,"쌍용대치아파트1동, 2동, 3동, 5동, 6동",128.03,"263,000"
서울특별시 강남구 대치동,316,은마,76.79,"195,000"
서울특별시 강남구 대치동,316,은마,84.43,"210,000"
서울특별시 강남구 대치동,316,은마,76.79,"195,000"
서울특별시 강남구 대치동,316,은마,76.79,"191,000"
서울특별시 강남구 대치동,316,은마,76.79,"190,000"
서울특별시 강남구 대치동,316,은마,76.79,"191,000"
서울특별시 강남구 대치동,316,은마,84.43,"216,000"
서울특별시 강남구 대치동,316,은마,84.43,"207,000"
서울특별시 강남구 대치동,316,은마,84.43,"221,500"
서울특별시 강남구 대치동,316,은마,84.43,"220,000"
서울특별시 강남구 대치동,316,은마,76.79,"179,500"
서울특별시 강남구 대치동,316,은마,84.43,"191,000"
서울특별시 강남구 대치동,316,은마,76.79,"190,000"
서울특별시 강남구 대치동,316,은마,84.43,"211,000"
서울특별시 강남구 대치동,316,은마,76.79,"192,000"
서울특별시 강남구 대치동,316,은마,76.79,"190,000"
서울특별시 강남구 대치동,316,은마,84.43,"213,000"
서울특별시 강남구 대치동,316,은마,84.43,"212,000"
서울특별시 강남구 대치동,316,은마,76.79,"185,000"
서울특별시 강남구 대치동,316,은마,84.43,"215,000"
서울특별시 강남구 대치동,316,은마,76.79,"188,000"
서울특별시 강남구 대치동,316,은마,76.79,"194,700"
서울특별시 강남구 대치동,316,은마,76.79,"180,000"
서울특별시 강남구 대치동,316,은마,76.79,"189,500"
서울특별시 강남구 대치동,316,은마,76.79,"190,000"
서울특별시 강남구 대치동,316,은마,84.43,"213,000"
서울특별시 강남구 대치동,316,은마,76.79,"197,000"
서울특별시 강남구 대치동,316,은마,76.79,"195,000"
서울특별시 강남구 대치동,316,은마,76.79,"205,000"
서울특별시 강남구 대치동,316,은마,84.43,"215,000"
서울특별시 강남구 대치동,316,은마,76.79,"200,000"
서울특별시 강남구 대치동,316,은마,84.43,"230,000"
서울특별시 강남구 대치동,316,은마,76.79,"205,000"
서울특별시 강남구 대치동,316,은마,84.43,"225,000"
서울특별시 강남구 대치동,316,은마,76.79,"222,000"
서울특별시 강남구 대치동,316,은마,76.79,"210,000"
서울특별시 강남구 대치동,316,은마,84.43,"238,000"
서울특별시 강남구 대치동,891-6,테헤란로대우아이빌(891-6),59.83,"75,300"
서울특별시 강남구 대치동,891-6,테헤란로대우아이빌(891-6),59.83,"79,000"
서울특별시 강남구 대치동,891-6,테헤란로대우아이빌(891-6),59.83,"72,900"
서울특별시 강남구 대치동,891-6,테헤란로대우아이빌(891-6),35.51,"44,800"
서울특별시 강남구 대치동,891-6,테헤란로대우아이빌(891-6),33.11,"38,000"
서울특별시 강남구 대치동,1007-1,풍림아이원3차(1007-1),114.55,"180,000"
서울특별시 강남구 대치동,986,하이캐슬102동,138.91,"160,000"
서울특별시 강남구 대치동,986,하이캐슬102동,145.34,"164,000"
서울특별시 강남구 대치동,511,한보미도맨션1,161.36,"315,000"
서울특별시 강남구 대치동,511,한보미도맨션1,161.36,"342,000"
서울특별시 강남구 대치동,511,한보미도맨션1,191.07,"370,000"
서울특별시 강남구 대치동,511,한보미도맨션1,84.48,"214,000"
서울특별시 강남구 대치동,511,한보미도맨션1,128.01,"298,000"
서울특별시 강남구 대치동,511,한보미도맨션1,84.48,"240,000"
서울특별시 강남구 대치동,511,한보미도맨션2,126.33,"275,000"
서울특별시 강남구 대치동,511,한보미도맨션2,84.96,"223,000"
서울특별시 강남구 대치동,511,한보미도맨션2,159.15,"357,500"
서울특별시 강남구 대치동,511,한보미도맨션2,126.33,"273,000"
서울특별시 강남구 대치동,511,한보미도맨션2,126.33,"285,000"
서울특별시 강남구 대치동,511,한보미도맨션2,126.33,"280,000"
서울특별시 강남구 대치동,511,한보미도맨션2,84.96,"227,000"
서울특별시 강남구 대치동,511,한보미도맨션2,84.96,"220,000"
서울특별시 강남구 대치동,511,한보미도맨션2,84.96,"225,000"
서울특별시 강남구 대치동,511,한보미도맨션2,126.33,"290,000"
서울특별시 강남구 대치동,511,한보미도맨션2,115.05,"294,000"
서울특별시 강남구 대치동,894,현대썬앤빌 테헤란,33.31,"55,000"
서울특별시 강남구 대치동,894,현대썬앤빌 테헤란,32.98,"57,000"
서울특별시 강남구 도곡동,953-1,SK허브프리모,69.18,"85,000"
서울특별시 강남구 도곡동,953-1,SK허브프리모,68.96,"85,000"
서울특별시 강남구 도곡동,953-1,SK허브프리모,67.57,"79,000"
서울특별시 강남구 도곡동,953-1,SK허브프리모,63.09,"74,500"
서울특별시 강남구 도곡동,967,경남,59.76,"140,000"
서울특별시 강남구 도곡동,967,경남,84.94,"117,000"
서울특별시 강남구 도곡동,967,경남,84.94,"169,500"
서울특별시 강남구 도곡동,967,경남,59.76,"142,500"
서울특별시 강남구 도곡동,967,경남,59.76,"143,500"
서울특별시 강남구 도곡동,967,경남,59.76,"145,300"
서울특별시 강남구 도곡동,967,경남,84.94,"175,000"
서울특별시 강남구 도곡동,967,경남,84.94,"173,000"
서울특별시 강남구 도곡동,960,대림,84.93,"149,000"
서울특별시 강남구 도곡동,960,대림,84.93,"156,000"
서울특별시 강남구 도곡동,960,대림,84.93,"165,000"
서울특별시 강남구 도곡동,960,대림,84.95,"170,000"
서울특별시 강남구 도곡동,467-6,대림아크로빌,172.467,"213,000"
서울특별시 강남구 도곡동,467-6,대림아크로빌,172.464,"220,000"
서울특별시 강남구 도곡동,467-6,대림아크로빌,130.545,"189,000"
서울특별시 강남구 도곡동,467-6,대림아크로빌,146.754,"172,000"
서울특별시 강남구 도곡동,467-6,대림아크로빌,168.456,"278,000"
서울특별시 강남구 도곡동,467-6,대림아크로빌,177.255,"250,000"
서울특별시 강남구 도곡동,467-6,대림아크로빌,130.545,"195,000"
서울특별시 강남구 도곡동,467-6,대림아크로빌,172.464,"248,000"
서울특별시 강남구 도곡동,467-6,대림아크로빌,130.545,"192,000"
서울특별시 강남구 도곡동,467-6,대림아크로빌,172.464,"269,000"
서울특별시 강남구 도곡동,467-6,대림아크로빌,130.545,"195,000"
서울특별시 강남구 도곡동,944-6,대명비발디,83.72,"91,500"
서울특별시 강남구 도곡동,952,대우디오빌,25.89,"26,000"
서울특별시 강남구 도곡동,952,대우디오빌,23.34,"24,000"
서울특별시 강남구 도곡동,952,대우디오빌,25.89,"26,400"
서울특별시 강남구 도곡동,952,대우디오빌,31.81,"29,800"
서울특별시 강남구 도곡동,952,대우디오빌,31.81,"31,500"
서울특별시 강남구 도곡동,543-7,도곡1차아이파크,84.122,"167,000"
서울특별시 강남구 도곡동,543-7,도곡1차아이파크,84.122,"195,000"
서울특별시 강남구 도곡동,527,도곡렉슬,120.8233,"266,900"
서울특별시 강남구 도곡동,527,도곡렉슬,120.8233,"260,000"
서울특별시 강남구 도곡동,527,도곡렉슬,84.9984,"234,000"
서울특별시 강남구 도곡동,527,도곡렉슬,114.9931,"279,000"
서울특별시 강남구 도곡동,527,도곡렉슬,119.8906,"263,000"
서울특별시 강남구 도곡동,527,도곡렉슬,84.9984,"231,000"
서울특별시 강남구 도곡동,527,도곡렉슬,59.9818,"182,500"
서울특별시 강남구 도곡동,527,도곡렉슬,84.9984,"235,000"
서울특별시 강남구 도곡동,527,도곡렉슬,84.9231,"243,000"
서울특별시 강남구 도곡동,527,도곡렉슬,84.9984,"230,000"
서울특별시 강남구 도곡동,527,도곡렉슬,84.9984,"249,000"
서울특별시 강남구 도곡동,527,도곡렉슬,176.9924,"430,000"
서울특별시 강남구 도곡동,527,도곡렉슬,84.9984,"247,000"
서울특별시 강남구 도곡동,527,도곡렉슬,134.9023,"310,000"
서울특별시 강남구 도곡동,527,도곡렉슬,59.9772,"163,000"
서울특별시 강남구 도곡동,527,도곡렉슬,59.9818,"184,500"
서울특별시 강남구 도곡동,527,도곡렉슬,138.3156,"330,000"
서울특별시 강남구 도곡동,527,도곡렉슬,84.9984,"225,000"
서울특별시 강남구 도곡동,527,도곡렉슬,59.9818,"195,000"
서울특별시 강남구 도곡동,527,도곡렉슬,119.8906,"290,000"
서울특별시 강남구 도곡동,527,도곡렉슬,84.9984,"230,000"
서울특별시 강남구 도곡동,527,도곡렉슬,59.9772,"160,000"
서울특별시 강남구 도곡동,527,도곡렉슬,134.9023,"335,000"
서울특별시 강남구 도곡동,527,도곡렉슬,114.9931,"310,000"
서울특별시 강남구 도곡동,527,도곡렉슬,84.9984,"235,000"
서울특별시 강남구 도곡동,527,도곡렉슬,134.9023,"328,000"
서울특별시 강남구 도곡동,527,도곡렉슬,59.9772,"165,000"
서울특별시 강남구 도곡동,527,도곡렉슬,120.8233,"299,500"
서울특별시 강남구 도곡동,527,도곡렉슬,120.8233,"294,000"
서울특별시 강남구 도곡동,527,도곡렉슬,59.9937,"175,000"
서울특별시 강남구 도곡동,527,도곡렉슬,114.9931,"302,000"
서울특별시 강남구 도곡동,527,도곡렉슬,120.8233,"310,000"
서울특별시 강남구 도곡동,527,도곡렉슬,84.9984,"265,500"
서울특별시 강남구 도곡동,527,도곡렉슬,120.8233,"300,000"
서울특별시 강남구 도곡동,527,도곡렉슬,134.9023,"359,000"
서울특별시 강남구 도곡동,527,도곡렉슬,114.9931,"317,000"
서울특별시 강남구 도곡동,527,도곡렉슬,84.9984,"277,500"
서울특별시 강남구 도곡동,527,도곡렉슬,59.9937,"184,000"
서울특별시 강남구 도곡동,527,도곡렉슬,84.9984,"275,000"
서울특별시 강남구 도곡동,527,도곡렉슬,84.9984,"285,000"
서울특별시 강남구 도곡동,527,도곡렉슬,59.9818,"218,000"
서울특별시 강남구 도곡동,514-3,도곡스타빌,60.66,"58,800"
서울특별시 강남구 도곡동,957-11,도곡스타클래스,111.38,"125,000"
서울특별시 강남구 도곡동,957-11,도곡스타클래스,111.38,"136,000"
서울특별시 강남구 도곡동,957-11,도곡스타클래스,112.75,"140,000"
서울특별시 강남구 도곡동,957-11,도곡스타클래스,111.38,"136,000"
서울특별시 강남구 도곡동,957-11,도곡스타클래스,112.05,"139,000"
서울특별시 강남구 도곡동,933,도곡쌍용예가,107.53,"187,000"
서울특별시 강남구 도곡동,933,도곡쌍용예가,107.53,"188,000"
서울특별시 강남구 도곡동,933,도곡쌍용예가,107.53,"188,000"
서울특별시 강남구 도곡동,933,도곡쌍용예가,108.2,"185,000"
서울특별시 강남구 도곡동,933,도곡쌍용예가,66,"162,000"
서울특별시 강남구 도곡동,933,도곡쌍용예가,107.53,"183,000"
서울특별시 강남구 도곡동,933,도곡쌍용예가,107.53,"205,000"
서울특별시 강남구 도곡동,199-1,도곡지웰카운티 102동,110.68,"175,000"
서울특별시 강남구 도곡동,949-2,도곡푸르지오 102동,147.21,"140,000"
서울특별시 강남구 도곡동,184-3,도곡현대힐스테이트 105동,164.9,"189,000"
서울특별시 강남구 도곡동,538-3,래미안도곡카운티,106.39,"270,000"
서울특별시 강남구 도곡동,538-3,래미안도곡카운티,106.78,"270,000"
서울특별시 강남구 도곡동,538-3,래미안도곡카운티,71.85,"220,000"
서울특별시 강남구 도곡동,538-3,래미안도곡카운티,106.39,"280,000"
서울특별시 강남구 도곡동,538-3,래미안도곡카운티,71.85,"230,000"
서울특별시 강남구 도곡동,538-3,래미안도곡카운티,59.98,"215,000"
서울특별시 강남구 도곡동,462,럭키(462),79.89,"159,500"
서울특별시 강남구 도곡동,462,럭키(462),79.89,"173,500"
서울특별시 강남구 도곡동,462,럭키(462),79.89,"172,000"
서울특별시 강남구 도곡동,462,럭키(462),79.89,"177,500"
서울특별시 강남구 도곡동,462,럭키(462),79.89,"150,000"
서울특별시 강남구 도곡동,963,럭키(963),84.97,"160,000"
서울특별시 강남구 도곡동,963,럭키(963),124.1,"219,000"
서울특별시 강남구 도곡동,963,럭키(963),84.97,"180,000"
서울특별시 강남구 도곡동,963,럭키(963),84.97,"182,000"
서울특별시 강남구 도곡동,963,럭키(963),84.97,"179,000"
서울특별시 강남구 도곡동,963,럭키(963),124.1,"210,000"
서울특별시 강남구 도곡동,963,럭키(963),84.97,"180,000"
서울특별시 강남구 도곡동,462-2,로덴하우스 웨스트빌리지,244.66,"450,000"
서울특별시 강남구 도곡동,194,리치아르떼빌,178.58,"167,500"
서울특별시 강남구 도곡동,194,리치아르떼빌,182.12,"165,000"
서울특별시 강남구 도곡동,966,매봉삼성,84.95,"144,500"
서울특별시 강남구 도곡동,966,매봉삼성,59.82,"127,000"
서울특별시 강남구 도곡동,966,매봉삼성,83.49,"145,000"
서울특별시 강남구 도곡동,161,삼성,54.81,"137,000"
서울특별시 강남구 도곡동,161,삼성,54.81,"139,000"
서울특별시 강남구 도곡동,161,삼성,54.81,"145,000"
서울특별시 강남구 도곡동,91-5,삼성래미안,89.88,"200,000"
서울특별시 강남구 도곡동,91-5,삼성래미안,89.88,"197,500"
서울특별시 강남구 도곡동,91-5,삼성래미안,84.76,"192,000"
서울특별시 강남구 도곡동,91-5,삼성래미안,59.96,"162,000"
서울특별시 강남구 도곡동,91-5,삼성래미안,59.96,"165,000"
서울특별시 강남구 도곡동,91-5,삼성래미안,122.81,"244,000"
서울특별시 강남구 도곡동,91-5,삼성래미안,122.81,"230,000"
서울특별시 강남구 도곡동,91-5,삼성래미안,89.88,"195,000"
서울특별시 강남구 도곡동,91-5,삼성래미안,84.89,"205,000"
서울특별시 강남구 도곡동,91-5,삼성래미안,122.81,"255,000"
서울특별시 강남구 도곡동,91-5,삼성래미안,122.81,"270,000"
서울특별시 강남구 도곡동,91-5,삼성래미안,84.89,"205,000"
서울특별시 강남구 도곡동,91-5,삼성래미안,59.96,"175,000"
서울특별시 강남구 도곡동,91-5,삼성래미안,84.89,"219,800"
서울특별시 강남구 도곡동,91-5,삼성래미안,84.89,"229,000"
서울특별시 강남구 도곡동,91-5,삼성래미안,59.96,"184,000"
서울특별시 강남구 도곡동,91-5,삼성래미안,59.96,"182,500"
서울특별시 강남구 도곡동,869,삼익,153.71,"205,000"
서울특별시 강남구 도곡동,869,삼익,104.01,"165,000"
서울특별시 강남구 도곡동,869,삼익,153.71,"200,000"
서울특별시 강남구 도곡동,467-7,아카데미스위트1,128.74,"170,800"
서울특별시 강남구 도곡동,467-7,아카데미스위트1,128.74,"175,000"
서울특별시 강남구 도곡동,467-7,아카데미스위트1,164.87,"220,000"
서울특별시 강남구 도곡동,467-7,아카데미스위트1,83,"145,000"
서울특별시 강남구 도곡동,934-10,역삼우성,84.83,"145,000"
서울특별시 강남구 도곡동,934-10,역삼우성,84.83,"162,000"
서울특별시 강남구 도곡동,934-10,역삼우성,84.83,"165,000"
서울특별시 강남구 도곡동,934-10,역삼우성,84.83,"172,000"
서울특별시 강남구 도곡동,465,우성4,126.46,"255,000"
서울특별시 강남구 도곡동,465,우성4,126.46,"267,500"
서울특별시 강남구 도곡동,465,우성4,84.6,"218,000"
서울특별시 강남구 도곡동,465,우성4,126.46,"278,500"
서울특별시 강남구 도곡동,467-10,우성리빙텔,120.21,"119,999"
서울특별시 강남구 도곡동,463-1,우성사원5,78.99,"188,000"
서울특별시 강남구 도곡동,463-1,우성사원5,78.99,"185,000"
서울특별시 강남구 도곡동,463-1,우성사원5,70.89,"158,000"
서울특별시 강남구 도곡동,467-24,우성캐릭터199,132.94,"175,000"
서울특별시 강남구 도곡동,162-4,울트라멤버스,84.96,"134,500"
서울특별시 강남구 도곡동,200-1,월드메르디앙101동,189.39,"190,000"
서울특별시 강남구 도곡동,965,중명하니빌,32.02,"32,800"
서울특별시 강남구 도곡동,965,중명하니빌,34.11,"32,500"
서울특별시 강남구 도곡동,965,중명하니빌,32.02,"30,800"
서울특별시 강남구 도곡동,965,중명하니빌,30.58,"32,500"
서울특별시 강남구 도곡동,467,타워팰리스1,164.97,"312,000"
서울특별시 강남구 도곡동,467,타워팰리스1,120.78,"225,000"
서울특별시 강남구 도곡동,467,타워팰리스1,174.67,"348,000"
서울특별시 강남구 도곡동,467,타워팰리스1,164.97,"320,000"
서울특별시 강남구 도곡동,467,타워팰리스1,164.97,"315,000"
서울특별시 강남구 도곡동,467,타워팰리스1,164.95,"320,000"
서울특별시 강남구 도곡동,467,타워팰리스1,84.15,"185,000"
서울특별시 강남구 도곡동,467,타워팰리스1,164.97,"320,000"
서울특별시 강남구 도곡동,467,타워팰리스1,137.24,"280,000"
서울특별시 강남구 도곡동,467,타워팰리스1,137.24,"270,000"
서울특별시 강남구 도곡동,467,타워팰리스1,84.15,"195,000"
서울특별시 강남구 도곡동,467,타워팰리스1,84.16,"217,500"
서울특별시 강남구 도곡동,467,타워팰리스1,222.48,"382,000"
서울특별시 강남구 도곡동,467,타워팰리스1,78.99,"138,000"
서울특별시 강남구 도곡동,467,타워팰리스1,137.24,"270,000"
서울특별시 강남구 도곡동,467,타워팰리스1,84.15,"195,000"
서울특별시 강남구 도곡동,467,타워팰리스1,164.97,"290,000"
서울특별시 강남구 도곡동,467,타워팰리스1,137.24,"275,000"
서울특별시 강남구 도곡동,467,타워팰리스1,84.16,"220,000"
서울특별시 강남구 도곡동,467,타워팰리스1,164.97,"296,000"
서울특별시 강남구 도곡동,467,타워팰리스1,174.67,"376,000"
서울특별시 강남구 도곡동,467,타워팰리스1,137.24,"280,000"
서울특별시 강남구 도곡동,467-17,타워팰리스2,164.2,"300,000"
서울특별시 강남구 도곡동,467-17,타워팰리스2,244.77,"480,000"
서울특별시 강남구 도곡동,467-17,타워팰리스2,164.99,"309,000"
서울특별시 강남구 도곡동,467-17,타워팰리스2,160.17,"280,000"
서울특별시 강남구 도곡동,467-17,타워팰리스2,114.65,"219,000"
서울특별시 강남구 도곡동,467-17,타워팰리스2,115.63,"232,000"
서울특별시 강남구 도곡동,467-17,타워팰리스2,244.04,"480,000"
서울특별시 강남구 도곡동,467-17,타워팰리스2,162.6,"290,000"
서울특별시 강남구 도곡동,467-17,타워팰리스2,115.63,"240,000"
서울특별시 강남구 도곡동,467-17,타워팰리스2,115.63,"249,000"
서울특별시 강남구 도곡동,467-17,타워팰리스2,144.63,"304,000"
서울특별시 강남구 도곡동,467-17,타워팰리스2,164.99,"314,500"
서울특별시 강남구 도곡동,467-17,타워팰리스2,115.63,"250,000"
서울특별시 강남구 도곡동,467-29,타워팰리스3,141.648,"270,000"
서울특별시 강남구 도곡동,467-29,타워팰리스3,235.74,"542,500"
서울특별시 강남구 도곡동,164-6,포스코트,209.03,"250,000"
서울특별시 강남구 도곡동,164-6,포스코트,209.03,"250,000"
서울특별시 강남구 도곡동,968,하이페리온,182.6,"197,500"
서울특별시 강남구 도곡동,968,하이페리온,142.41,"192,000"
서울특별시 강남구 도곡동,972,한라비발디,84.8861,"179,000"
서울특별시 강남구 도곡동,972,한라비발디,84.8861,"184,000"
서울특별시 강남구 도곡동,972,한라비발디,84.8861,"186,000"
서울특별시 강남구 도곡동,464,한신(개포),83.86,"204,500"
서울특별시 강남구 도곡동,464,한신(개포),59.48,"172,000"
서울특별시 강남구 도곡동,895-8,한신엠비씨,84.74,"175,000"
서울특별시 강남구 도곡동,895-8,한신엠비씨,117.57,"193,000"
서울특별시 강남구 도곡동,895-8,한신엠비씨,58.46,"142,000"
서울특별시 강남구 도곡동,895-8,한신엠비씨,58.46,"145,000"
서울특별시 강남구 도곡동,895-8,한신엠비씨,84.74,"174,500"
서울특별시 강남구 도곡동,895-8,한신엠비씨,117.57,"191,000"
서울특별시 강남구 도곡동,895-8,한신엠비씨,117.57,"200,000"
서울특별시 강남구 도곡동,895-8,한신엠비씨,58.46,"147,500"
서울특별시 강남구 도곡동,964,현대그린1,84.93,"145,000"
서울특별시 강남구 도곡동,964,현대그린1,84.93,"164,000"
서울특별시 강남구 도곡동,467-19,현대비젼21,34.995,"36,000"
서울특별시 강남구 도곡동,467-19,현대비젼21,32.65,"36,000"
서울특별시 강남구 도곡동,467-19,현대비젼21,35.48,"38,000"
서울특별시 강남구 도곡동,467-19,현대비젼21,34.995,"39,500"
서울특별시 강남구 도곡동,467-19,현대비젼21,32.65,"38,000"
서울특별시 강남구 도곡동,944-5,현대아이리스1,127.36,"139,000"
서울특별시 강남구 도곡동,961,현대아파트 1동~3동,84.96,"164,000"
서울특별시 강남구 삼성동,142-7,LG선릉에클라트(A),36.16,"34,900"
서울특별시 강남구 삼성동,142-7,LG선릉에클라트(A),36.16,"40,750"
서울특별시 강남구 삼성동,142-7,LG선릉에클라트(A),41.64,"36,900"
서울특별시 강남구 삼성동,142-7,LG선릉에클라트(A),36.16,"34,500"
서울특별시 강남구 삼성동,142-7,LG선릉에클라트(A),36.16,"34,500"
서울특별시 강남구 삼성동,142-3,LG선릉에클라트(B),36.35,"40,000"
서울특별시 강남구 삼성동,142-3,LG선릉에클라트(B),56.68,"83,000"
서울특별시 강남구 삼성동,142-3,LG선릉에클라트(B),36.35,"37,500"
서울특별시 강남구 삼성동,142-3,LG선릉에클라트(B),36.35,"35,000"
서울특별시 강남구 삼성동,142-3,LG선릉에클라트(B),36.35,"36,000"
서울특별시 강남구 삼성동,142-3,LG선릉에클라트(B),48.81,"76,000"
서울특별시 강남구 삼성동,142-3,LG선릉에클라트(B),36.47,"39,700"
서울특별시 강남구 삼성동,142-3,LG선릉에클라트(B),36.35,"38,000"
서울특별시 강남구 삼성동,142-3,LG선릉에클라트(B),36.35,"40,000"
서울특별시 강남구 삼성동,29-11,SM드림빌,52.79,"67,400"
서울특별시 강남구 삼성동,99-12,강변삼부아파트,81.943,"176,000"
서울특별시 강남구 삼성동,5-3,골든카운티,108.68,"172,500"
서울특별시 강남구 삼성동,45-5,그라나다,45.23,"69,000"
서울특별시 강남구 삼성동,33-20,대우멤버스카운티,145.73,"169,000"
서울특별시 강남구 삼성동,98-18,대우멤버스카운티(101동),152.73,"203,000"
서울특별시 강남구 삼성동,102,래미안(201동),84.9,"195,000"
서울특별시 강남구 삼성동,103-22,래미안삼성1차,114.17,"190,000"
서울특별시 강남구 삼성동,105,래미안삼성1차(105),122.85,"215,000"
서울특별시 강남구 삼성동,105,래미안삼성1차(105),84.95,"203,500"
서울특별시 강남구 삼성동,105,래미안삼성1차(105),181.51,"280,000"
서울특별시 강남구 삼성동,7-3,래미안삼성2차,164.72,"265,000"
서울특별시 강남구 삼성동,7-3,래미안삼성2차,134.81,"248,000"
서울특별시 강남구 삼성동,7-3,래미안삼성2차,105.5,"242,000"
서울특별시 강남구 삼성동,104-10,레미안삼성1차(104),84.99,"200,000"
서울특별시 강남구 삼성동,11,롯데캐슬프레미어,121.931,"275,000"
서울특별시 강남구 삼성동,11,롯데캐슬프레미어,213.435,"216,000"
서울특별시 강남구 삼성동,11,롯데캐슬프레미어,84.465,"203,000"
서울특별시 강남구 삼성동,11,롯데캐슬프레미어,84.465,"232,000"
서울특별시 강남구 삼성동,11,롯데캐슬프레미어,101.81,"245,000"
서울특별시 강남구 삼성동,11,롯데캐슬프레미어,121.931,"280,000"
서울특별시 강남구 삼성동,11,롯데캐슬프레미어,84.484,"237,000"
서울특별시 강남구 삼성동,147-2,미켈란147,83.69,"147,000"
서울특별시 강남구 삼성동,64-4,블루밍하우스,114.08,"149,900"
서울특별시 강남구 삼성동,110-2,삼성동라테라스,182.21,"470,000"
서울특별시 강남구 삼성동,17,삼성동롯데아파트,59.4,"145,000"
서울특별시 강남구 삼성동,17,삼성동롯데아파트,59.4,"139,500"
서울특별시 강남구 삼성동,17,삼성동롯데아파트,59.4,"143,000"
서울특별시 강남구 삼성동,17,삼성동롯데아파트,59.4,"138,000"
서울특별시 강남구 삼성동,17,삼성동롯데아파트,91.77,"185,000"
서울특별시 강남구 삼성동,17,삼성동롯데아파트,78.27,"165,000"
서울특별시 강남구 삼성동,17,삼성동롯데아파트,91.77,"185,000"
서울특별시 강남구 삼성동,17,삼성동롯데아파트,91.77,"209,700"
서울특별시 강남구 삼성동,188,삼성동센트럴아이파크,84.99,"281,000"
서울특별시 강남구 삼성동,14-1,삼성동중앙하이츠빌리지,152.98,"280,000"
서울특별시 강남구 삼성동,14-1,삼성동중앙하이츠빌리지,152.98,"270,000"
서울특별시 강남구 삼성동,4-6,삼성동한솔아파트,85,"160,000"
서울특별시 강남구 삼성동,4-6,삼성동한솔아파트,68.8,"150,000"
서울특별시 강남구 삼성동,4-6,삼성동한솔아파트,58.57,"134,000"
서울특별시 강남구 삼성동,4-6,삼성동한솔아파트,85,"162,000"
서울특별시 강남구 삼성동,82-1,삼성동헤렌하우스2(82-1),169.28,"328,000"
서울특별시 강남구 삼성동,82-4,삼성동헤렌하우스2(82-4),214.74,"370,000"
서울특별시 강남구 삼성동,16-2,삼성동힐스테이트 1단지,84.236,"225,000"
서울특별시 강남구 삼성동,16-2,삼성동힐스테이트 1단지,84.236,"207,000"
서울특별시 강남구 삼성동,16-2,삼성동힐스테이트 1단지,84.236,"204,500"
서울특별시 강남구 삼성동,16-2,삼성동힐스테이트 1단지,26.5,"102,000"
서울특별시 강남구 삼성동,16-2,삼성동힐스테이트 1단지,84.419,"210,000"
서울특별시 강남구 삼성동,16-2,삼성동힐스테이트 1단지,31.402,"115,500"
서울특별시 강남구 삼성동,16-2,삼성동힐스테이트 1단지,84.419,"206,500"
서울특별시 강남구 삼성동,16-2,삼성동힐스테이트 1단지,84.419,"202,500"
서울특별시 강남구 삼성동,16-2,삼성동힐스테이트 1단지,84.349,"220,000"
서울특별시 강남구 삼성동,16-2,삼성동힐스테이트 1단지,84.236,"230,800"
서울특별시 강남구 삼성동,16-2,삼성동힐스테이트 1단지,31.402,"116,300"
서울특별시 강남구 삼성동,16-2,삼성동힐스테이트 1단지,31.402,"117,000"
서울특별시 강남구 삼성동,16-2,삼성동힐스테이트 1단지,84.236,"237,000"
서울특별시 강남구 삼성동,16-2,삼성동힐스테이트 1단지,31.402,"119,000"
서울특별시 강남구 삼성동,52-9,삼성리치빌1,84.98,"150,500"
서울특별시 강남구 삼성동,3-1,삼성월드타워,58.776,"74,000"
서울특별시 강남구 삼성동,3-1,삼성월드타워,58.776,"74,000"
서울특별시 강남구 삼성동,3-1,삼성월드타워,84.725,"106,500"
서울특별시 강남구 삼성동,3-1,삼성월드타워,84.202,"103,000"
서울특별시 강남구 삼성동,3-1,삼성월드타워,58.776,"74,000"
서울특별시 강남구 삼성동,3-1,삼성월드타워,58.776,"72,000"
서울특별시 강남구 삼성동,3-1,삼성월드타워,84.725,"104,500"
서울특별시 강남구 삼성동,3-1,삼성월드타워,84.202,"103,000"
서울특별시 강남구 삼성동,3-1,삼성월드타워,58.776,"73,000"
서울특별시 강남구 삼성동,3-1,삼성월드타워,58.776,"74,000"
서울특별시 강남구 삼성동,3-1,삼성월드타워,58.776,"74,000"
서울특별시 강남구 삼성동,3-1,삼성월드타워,84.725,"106,500"
서울특별시 강남구 삼성동,3-1,삼성월드타워,84.202,"106,000"
서울특별시 강남구 삼성동,3-1,삼성월드타워,84.725,"106,500"
서울특별시 강남구 삼성동,3-1,삼성월드타워,58.776,"74,000"
서울특별시 강남구 삼성동,3-1,삼성월드타워,84.725,"106,500"
서울특별시 강남구 삼성동,3-1,삼성월드타워,84.202,"104,000"
서울특별시 강남구 삼성동,3-1,삼성월드타워,84.202,"106,000"
서울특별시 강남구 삼성동,3-1,삼성월드타워,58.776,"74,000"
서울특별시 강남구 삼성동,3-1,삼성월드타워,58.776,"74,000"
서울특별시 강남구 삼성동,3-1,삼성월드타워,83.849,"130,000"
서울특별시 강남구 삼성동,3-1,삼성월드타워,83.849,"130,000"
서울특별시 강남구 삼성동,3-1,삼성월드타워,83.849,"105,500"
서울특별시 강남구 삼성동,3-1,삼성월드타워,83.849,"103,500"
서울특별시 강남구 삼성동,3-1,삼성월드타워,83.849,"103,500"
서울특별시 강남구 삼성동,3-1,삼성월드타워,83.849,"105,500"
서울특별시 강남구 삼성동,3-1,삼성월드타워,58.776,"69,000"
서울특별시 강남구 삼성동,3-1,삼성월드타워,84.725,"103,500"
서울특별시 강남구 삼성동,3-1,삼성월드타워,58.776,"67,000"
서울특별시 강남구 삼성동,3-1,삼성월드타워,84.725,"98,500"
서울특별시 강남구 삼성동,3-1,삼성월드타워,84.202,"98,000"
서울특별시 강남구 삼성동,3-1,삼성월드타워,58.776,"70,000"
서울특별시 강남구 삼성동,3-1,삼성월드타워,58.776,"70,000"
서울특별시 강남구 삼성동,3-1,삼성월드타워,84.202,"103,000"
서울특별시 강남구 삼성동,3-1,삼성월드타워,58.776,"71,000"
서울특별시 강남구 삼성동,3-1,삼성월드타워,58.776,"70,000"
서울특별시 강남구 삼성동,3-1,삼성월드타워,84.725,"106,500"
서울특별시 강남구 삼성동,3-1,삼성월드타워,58.776,"74,000"
서울특별시 강남구 삼성동,3-1,삼성월드타워,58.776,"74,000"
서울특별시 강남구 삼성동,3-1,삼성월드타워,84.725,"106,500"
서울특별시 강남구 삼성동,3-1,삼성월드타워,84.725,"97,500"
서울특별시 강남구 삼성동,3-1,삼성월드타워,84.202,"97,000"
서울특별시 강남구 삼성동,3-1,삼성월드타워,84.202,"106,000"
서울특별시 강남구 삼성동,3-1,삼성월드타워,58.776,"74,000"
서울특별시 강남구 삼성동,3-1,삼성월드타워,58.776,"74,000"
서울특별시 강남구 삼성동,3-1,삼성월드타워,84.202,"103,000"
서울특별시 강남구 삼성동,2,서광아파트,80.91,"165,000"
서울특별시 강남구 삼성동,2,서광아파트,59.67,"151,000"
서울특별시 강남구 삼성동,3-3,석탑아파트101동,59.82,"139,500"
서울특별시 강남구 삼성동,3-3,석탑아파트101동,59.82,"138,000"
서울특별시 강남구 삼성동,97,시티(A동),157.63,"203,000"
서울특별시 강남구 삼성동,117,쌍용플래티넘,156.97,"193,000"
서울특별시 강남구 삼성동,117,쌍용플래티넘,154.77,"205,000"
서울특별시 강남구 삼성동,117,쌍용플래티넘,156.97,"210,000"
서울특별시 강남구 삼성동,87,아이파크,145.046,"400,000"
서울특별시 강남구 삼성동,87,아이파크,145.046,"390,000"
서울특별시 강남구 삼성동,87,아이파크,195.388,"550,000"
서울특별시 강남구 삼성동,122-7,영무예다음,115.88,"165,000"
서울특별시 강남구 삼성동,144-10,우정에쉐르2,59.54,"78,000"
서울특별시 강남구 삼성동,144-10,우정에쉐르2,59.75,"77,800"
서울특별시 강남구 삼성동,130,이안애빌,106.89,"139,500"
서울특별시 강남구 삼성동,53-2,진흥아파트,207.82,"310,000"
서울특별시 강남구 삼성동,144-14,채널리저브,84.97,"135,000"
서울특별시 강남구 삼성동,144-14,채널리저브,84.94,"149,000"
서울특별시 강남구 삼성동,4-3,푸른솔아파트1동,84.9,"162,500"
서울특별시 강남구 삼성동,106,풍림(1차),84.78,"190,000"
서울특별시 강남구 삼성동,106,풍림(1차),59.7,"150,000"
서울특별시 강남구 삼성동,48,한일,55.34,"125,800"
서울특별시 강남구 삼성동,48,한일,80.29,"145,000"
서울특별시 강남구 삼성동,48,한일,61.23,"149,000"
서울특별시 강남구 삼성동,48,한일,80.29,"170,000"
서울특별시 강남구 삼성동,6,현대아파트 101동,59.83,"145,000"
서울특별시 강남구 삼성동,6,현대아파트 101동,32.61,"77,000"
서울특별시 강남구 삼성동,143-37,현대타워(13층-27층),149.99,"181,500"
서울특별시 강남구 삼성동,143-37,현대타워(13층-27층),149.99,"160,000"
서울특별시 강남구 삼성동,50,현대힐스테이트 2단지,84.236,"238,000"
서울특별시 강남구 삼성동,50,현대힐스테이트 2단지,84.349,"225,000"
서울특별시 강남구 삼성동,50,현대힐스테이트 2단지,84.349,"234,500"
서울특별시 강남구 삼성동,50,현대힐스테이트 2단지,84.236,"225,000"
서울특별시 강남구 삼성동,50,현대힐스테이트 2단지,38.671,"128,000"
서울특별시 강남구 삼성동,50,현대힐스테이트 2단지,84.236,"210,000"
서울특별시 강남구 삼성동,50,현대힐스테이트 2단지,84.236,"223,000"
서울특별시 강남구 삼성동,50,현대힐스테이트 2단지,84.236,"240,000"
서울특별시 강남구 삼성동,50,현대힐스테이트 2단지,84.679,"234,000"
서울특별시 강남구 삼성동,50,현대힐스테이트 2단지,84.236,"245,000"
서울특별시 강남구 삼성동,50,현대힐스테이트 2단지,84.349,"241,000"
서울특별시 강남구 삼성동,50,현대힐스테이트 2단지,84.236,"235,000"
서울특별시 강남구 삼성동,50,현대힐스테이트 2단지,84.236,"245,000"
서울특별시 강남구 삼성동,79,홍실아파트,94.26,"257,000"
서울특별시 강남구 삼성동,79,홍실아파트,96.32,"259,000"
서울특별시 강남구 삼성동,79,홍실아파트,96.32,"242,000"
서울특별시 강남구 세곡동,525,강남데시앙파크,84.95,"115,000"
서울특별시 강남구 세곡동,525,강남데시앙파크,114.69,"132,000"
서울특별시 강남구 세곡동,525,강남데시앙파크,84.95,"105,000"
서울특별시 강남구 세곡동,525,강남데시앙파크,114.69,"132,000"
서울특별시 강남구 세곡동,525,강남데시앙파크,114.69,"133,000"
서울특별시 강남구 세곡동,525,강남데시앙파크,84.95,"120,000"
서울특별시 강남구 세곡동,525,강남데시앙파크,84.97,"115,000"
서울특별시 강남구 세곡동,525,강남데시앙파크,84.97,"125,000"
서울특별시 강남구 세곡동,525,강남데시앙파크,114.69,"149,900"
서울특별시 강남구 세곡동,525,강남데시앙파크,84.97,"113,000"
서울특별시 강남구 세곡동,525,강남데시앙파크,84.95,"135,000"
서울특별시 강남구 세곡동,508,강남신동아파밀리에1단지,59.97,"97,500"
서울특별시 강남구 세곡동,508,강남신동아파밀리에1단지,59.97,"100,000"
서울특별시 강남구 세곡동,508,강남신동아파밀리에1단지,59.97,"104,000"
서울특별시 강남구 세곡동,508,강남신동아파밀리에1단지,59.97,"105,000"
서울특별시 강남구 세곡동,579,강남엘에이치1단지,59.89,"112,000"
서울특별시 강남구 세곡동,579,강남엘에이치1단지,74.74,"124,000"
서울특별시 강남구 세곡동,579,강남엘에이치1단지,59.99,"104,000"
서울특별시 강남구 세곡동,579,강남엘에이치1단지,74.74,"125,000"
서울특별시 강남구 세곡동,579,강남엘에이치1단지,59.99,"111,000"
서울특별시 강남구 세곡동,579,강남엘에이치1단지,59.99,"109,900"
서울특별시 강남구 세곡동,579,강남엘에이치1단지,59.89,"109,000"
서울특별시 강남구 세곡동,579,강남엘에이치1단지,84.84,"140,000"
서울특별시 강남구 세곡동,579,강남엘에이치1단지,84.83,"137,000"
서울특별시 강남구 세곡동,579,강남엘에이치1단지,84.84,"138,000"
서울특별시 강남구 세곡동,579,강남엘에이치1단지,84.83,"134,000"
서울특별시 강남구 세곡동,579,강남엘에이치1단지,74.74,"124,500"
서울특별시 강남구 세곡동,579,강남엘에이치1단지,84.83,"139,000"
서울특별시 강남구 세곡동,579,강남엘에이치1단지,59.89,"110,000"
서울특별시 강남구 세곡동,579,강남엘에이치1단지,59.99,"121,500"
서울특별시 강남구 세곡동,579,강남엘에이치1단지,84.83,"149,000"
서울특별시 강남구 세곡동,579,강남엘에이치1단지,59.99,"125,000"
서울특별시 강남구 세곡동,579,강남엘에이치1단지,84.83,"147,000"
서울특별시 강남구 세곡동,579,강남엘에이치1단지,84.83,"146,000"
서울특별시 강남구 세곡동,516,세곡리엔파크(3단지),84.96,"105,000"
서울특별시 강남구 세곡동,516,세곡리엔파크(3단지),84.96,"115,000"
서울특별시 강남구 세곡동,516,세곡리엔파크(3단지),84.96,"115,000"
서울특별시 강남구 세곡동,516,세곡리엔파크(3단지),84.96,"125,000"
서울특별시 강남구 세곡동,533,세곡푸르지오,59.89,"109,500"
서울특별시 강남구 세곡동,533,세곡푸르지오,59.89,"111,000"
서울특별시 강남구 세곡동,533,세곡푸르지오,84.84,"132,000"
서울특별시 강남구 세곡동,533,세곡푸르지오,84.83,"134,500"
서울특별시 강남구 세곡동,533,세곡푸르지오,59.89,"112,000"
서울특별시 강남구 세곡동,533,세곡푸르지오,84.95,"135,000"
서울특별시 강남구 세곡동,533,세곡푸르지오,59.89,"110,000"
서울특별시 강남구 세곡동,533,세곡푸르지오,84.84,"137,000"
서울특별시 강남구 세곡동,533,세곡푸르지오,59.89,"111,000"
서울특별시 강남구 세곡동,533,세곡푸르지오,59.89,"112,000"
서울특별시 강남구 세곡동,533,세곡푸르지오,74.74,"124,000"
서울특별시 강남구 세곡동,533,세곡푸르지오,84.83,"133,000"
서울특별시 강남구 세곡동,533,세곡푸르지오,59.89,"113,000"
서울특별시 강남구 세곡동,533,세곡푸르지오,59.89,"111,000"
서울특별시 강남구 세곡동,533,세곡푸르지오,74.74,"129,500"
서울특별시 강남구 세곡동,533,세곡푸르지오,74.74,"130,000"
서울특별시 강남구 세곡동,533,세곡푸르지오,59.89,"114,000"
서울특별시 강남구 세곡동,533,세곡푸르지오,74.74,"123,000"
서울특별시 강남구 세곡동,533,세곡푸르지오,84.84,"138,000"
서울특별시 강남구 세곡동,533,세곡푸르지오,74.74,"130,000"
서울특별시 강남구 세곡동,533,세곡푸르지오,84.84,"140,000"
서울특별시 강남구 세곡동,533,세곡푸르지오,59.89,"115,000"
서울특별시 강남구 세곡동,533,세곡푸르지오,84.83,"140,000"
서울특별시 강남구 세곡동,533,세곡푸르지오,84.83,"144,000"
서울특별시 강남구 세곡동,533,세곡푸르지오,84.84,"145,000"
서울특별시 강남구 세곡동,533,세곡푸르지오,74.74,"135,000"
서울특별시 강남구 세곡동,533,세곡푸르지오,74.74,"136,000"
서울특별시 강남구 세곡동,533,세곡푸르지오,84.83,"155,500"
서울특별시 강남구 수서동,537,강남 더샵 포레스트,124.5792,"232,500"
서울특별시 강남구 수서동,537,강남 더샵 포레스트,124.5802,"240,000"
서울특별시 강남구 수서동,537,강남 더샵 포레스트,146.7139,"268,000"
서울특별시 강남구 수서동,537,강남 더샵 포레스트,124.5802,"235,000"
서울특별시 강남구 수서동,559,강남데시앙포레,59.81,"129,700"
서울특별시 강남구 수서동,559,강남데시앙포레,84.86,"164,500"
서울특별시 강남구 수서동,559,강남데시앙포레,59.74,"130,000"
서울특별시 강남구 수서동,559,강남데시앙포레,84.92,"138,500"
서울특별시 강남구 수서동,559,강남데시앙포레,84.81,"168,000"
서울특별시 강남구 수서동,559,강남데시앙포레,59.97,"129,000"
서울특별시 강남구 수서동,559,강남데시앙포레,84.92,"158,000"
서울특별시 강남구 수서동,559,강남데시앙포레,84.81,"166,000"
서울특별시 강남구 수서동,559,강남데시앙포레,84.92,"160,000"
서울특별시 강남구 수서동,559,강남데시앙포레,59.81,"134,000"
서울특별시 강남구 수서동,559,강남데시앙포레,114.45,"190,000"
서울특별시 강남구 수서동,559,강남데시앙포레,114.45,"194,000"
서울특별시 강남구 수서동,559,강남데시앙포레,59.81,"134,600"
서울특별시 강남구 수서동,559,강남데시앙포레,84.92,"154,500"
서울특별시 강남구 수서동,559,강남데시앙포레,59.42,"139,800"
서울특별시 강남구 수서동,559,강남데시앙포레,84.92,"162,000"
서울특별시 강남구 수서동,559,강남데시앙포레,59.81,"141,000"
서울특별시 강남구 수서동,559,강남데시앙포레,59.97,"140,000"
서울특별시 강남구 수서동,559,강남데시앙포레,84.81,"170,000"
서울특별시 강남구 수서동,559,강남데시앙포레,114.45,"185,000"
서울특별시 강남구 수서동,559,강남데시앙포레,59.81,"139,000"
서울특별시 강남구 수서동,559,강남데시앙포레,114.45,"190,000"
서울특별시 강남구 수서동,746,까치마을,34.44,"77,000"
서울특별시 강남구 수서동,746,까치마을,39.6,"86,500"
서울특별시 강남구 수서동,746,까치마을,39.6,"87,000"
서울특별시 강남구 수서동,746,까치마을,39.6,"86,800"
서울특별시 강남구 수서동,746,까치마을,34.44,"77,900"
서울특별시 강남구 수서동,746,까치마을,39.6,"89,500"
서울특별시 강남구 수서동,746,까치마을,49.5,"114,000"
서울특별시 강남구 수서동,746,까치마을,49.5,"113,800"
서울특별시 강남구 수서동,746,까치마을,34.44,"80,000"
서울특별시 강남구 수서동,746,까치마을,39.6,"85,000"
서울특별시 강남구 수서동,746,까치마을,34.44,"79,300"
서울특별시 강남구 수서동,746,까치마을,39.6,"82,000"
서울특별시 강남구 수서동,746,까치마을,39.6,"86,500"
서울특별시 강남구 수서동,746,까치마을,39.6,"87,800"
서울특별시 강남구 수서동,746,까치마을,49.5,"115,000"
서울특별시 강남구 수서동,746,까치마을,49.5,"115,000"
서울특별시 강남구 수서동,746,까치마을,49.5,"110,000"
서울특별시 강남구 수서동,746,까치마을,39.6,"89,800"
서울특별시 강남구 수서동,746,까치마을,34.44,"81,000"
서울특별시 강남구 수서동,746,까치마을,39.6,"91,000"
서울특별시 강남구 수서동,746,까치마을,39.6,"95,000"
서울특별시 강남구 수서동,746,까치마을,49.5,"117,000"
서울특별시 강남구 수서동,746,까치마을,34.44,"78,000"
서울특별시 강남구 수서동,746,까치마을,39.6,"86,000"
서울특별시 강남구 수서동,746,까치마을,49.5,"118,000"
서울특별시 강남구 수서동,746,까치마을,39.6,"95,000"
서울특별시 강남구 수서동,746,까치마을,34.44,"83,000"
서울특별시 강남구 수서동,746,까치마을,34.44,"83,000"
서울특별시 강남구 수서동,746,까치마을,34.44,"90,000"
서울특별시 강남구 수서동,746,까치마을,49.5,"126,000"
서울특별시 강남구 수서동,746,까치마을,39.6,"95,500"
서울특별시 강남구 수서동,746,까치마을,34.44,"76,000"
서울특별시 강남구 수서동,746,까치마을,34.44,"78,000"
서울특별시 강남구 수서동,746,까치마을,39.6,"98,000"
서울특별시 강남구 수서동,746,까치마을,39.6,"95,500"
서울특별시 강남구 수서동,746,까치마을,49.5,"111,910"
서울특별시 강남구 수서동,746,까치마을,39.6,"109,000"
서울특별시 강남구 수서동,746,까치마을,34.44,"87,000"
서울특별시 강남구 수서동,746,까치마을,39.6,"104,500"
서울특별시 강남구 수서동,738,동익,60.01,"115,000"
서울특별시 강남구 수서동,738,동익,84.46,"149,850"
서울특별시 강남구 수서동,738,동익,84.46,"150,000"
서울특별시 강남구 수서동,738,동익,84.46,"137,000"
서울특별시 강남구 수서동,738,동익,84.46,"145,000"
서울특별시 강남구 수서동,738,동익,84.46,"157,000"
서울특별시 강남구 수서동,738,동익,84.46,"160,000"
서울특별시 강남구 수서동,747,삼성,84.97,"160,000"
서울특별시 강남구 수서동,747,삼성,59.86,"139,700"
서울특별시 강남구 수서동,747,삼성,59.86,"139,000"
서울특별시 강남구 수서동,747,삼성,84.97,"152,000"
서울특별시 강남구 수서동,747,삼성,59.86,"145,000"
서울특별시 강남구 수서동,708,삼익,60,"117,500"
서울특별시 강남구 수서동,708,삼익,49.2,"110,000"
서울특별시 강남구 수서동,708,삼익,60,"118,000"
서울특별시 강남구 수서동,708,삼익,60,"125,000"
서울특별시 강남구 수서동,708,삼익,60,"124,000"
서울특별시 강남구 수서동,708,삼익,60,"128,500"
서울특별시 강남구 수서동,708,삼익,60,"121,000"
서울특별시 강남구 수서동,708,삼익,49.2,"115,000"
서울특별시 강남구 수서동,712,수서한아름,97.63,"143,000"
서울특별시 강남구 수서동,712,수서한아름,129.45,"157,000"
서울특별시 강남구 수서동,712,수서한아름,129.45,"159,000"
서울특별시 강남구 수서동,712,수서한아름,163.68,"188,500"
서울특별시 강남구 수서동,712,수서한아름,97.63,"154,000"
서울특별시 강남구 수서동,712,수서한아름,129.45,"172,500"
서울특별시 강남구 수서동,712,수서한아름,163.68,"181,000"
서울특별시 강남구 수서동,712,수서한아름,97.63,"149,000"
서울특별시 강남구 수서동,712,수서한아름,163.68,"189,000"
서울특별시 강남구 수서동,736,신동아,33.18,"87,000"
서울특별시 강남구 수서동,736,신동아,49.96,"104,000"
서울특별시 강남구 수서동,736,신동아,39.51,"105,000"
서울특별시 강남구 수서동,736,신동아,33.18,"86,000"
서울특별시 강남구 수서동,736,신동아,39.53,"98,000"
서울특별시 강남구 수서동,736,신동아,49.96,"109,250"
서울특별시 강남구 수서동,736,신동아,49.96,"104,500"
서울특별시 강남구 수서동,736,신동아,33.18,"86,200"
서울특별시 강남구 수서동,736,신동아,49.96,"103,000"
서울특별시 강남구 수서동,736,신동아,49.96,"107,000"
서울특별시 강남구 수서동,736,신동아,39.53,"101,000"
서울특별시 강남구 수서동,736,신동아,39.53,"101,000"
서울특별시 강남구 수서동,736,신동아,39.53,"103,000"
서울특별시 강남구 수서동,736,신동아,39.51,"99,500"
서울특별시 강남구 수서동,736,신동아,39.53,"103,000"
서울특별시 강남구 수서동,736,신동아,39.51,"100,000"
서울특별시 강남구 수서동,736,신동아,39.53,"100,000"
서울특별시 강남구 수서동,736,신동아,33.18,"86,800"
서울특별시 강남구 수서동,736,신동아,39.53,"99,500"
서울특별시 강남구 수서동,736,신동아,39.53,"97,000"
서울특별시 강남구 수서동,736,신동아,33.18,"95,000"
서울특별시 강남구 수서동,736,신동아,33.18,"89,900"
서울특별시 강남구 수서동,736,신동아,49.96,"113,000"
서울특별시 강남구 수서동,736,신동아,33.18,"94,500"
서울특별시 강남구 수서동,736,신동아,49.96,"115,000"
서울특별시 강남구 수서동,736,신동아,49.96,"114,000"
서울특별시 강남구 수서동,736,신동아,33.18,"89,000"
서울특별시 강남구 수서동,736,신동아,39.51,"102,000"
서울특별시 강남구 수서동,736,신동아,49.96,"112,000"
서울특별시 강남구 수서동,736,신동아,39.51,"102,000"
서울특별시 강남구 수서동,736,신동아,49.96,"109,000"
서울특별시 강남구 신사동,510-11,강남상가,143.01,"112,000"
서울특별시 강남구 신사동,550-5,뉴현대,61.08,"65,000"
서울특별시 강남구 신사동,506-9,래미안신사,84.89,"147,000"
서울특별시 강남구 신사동,658,로데오현대,90.94,"135,000"
서울특별시 강남구 신사동,562,신사파크빌라A동,117.82,"145,000"
서울특별시 강남구 신사동,622,신성아파트 101동,84.9,"140,000"
서울특별시 강남구 신사동,590-7,압구정 Ainvill,84.36,"102,000"
서울특별시 강남구 신사동,659,압구정대원칸타빌아파트,59.73,"100,000"
서울특별시 강남구 신사동,659,압구정대원칸타빌아파트,59.73,"110,000"
서울특별시 강남구 신사동,659,압구정대원칸타빌아파트,113.31,"173,000"
서울특별시 강남구 신사동,550-7,체리빌,97.67,"90,000"
서울특별시 강남구 신사동,551-5,하야트빌,65.01,"75,000"
서울특별시 강남구 신사동,551-5,하야트빌,65.01,"74,000"
서울특별시 강남구 압구정동,414,미성1차,105.65,"265,000"
서울특별시 강남구 압구정동,414,미성1차,105.62,"259,000"
서울특별시 강남구 압구정동,397,미성2차,74.4,"196,750"
서울특별시 강남구 압구정동,397,미성2차,74.4,"197,000"
서울특별시 강남구 압구정동,397,미성2차,74.4,"192,000"
서울특별시 강남구 압구정동,397,미성2차,74.4,"188,000"
서울특별시 강남구 압구정동,397,미성2차,74.4,"185,000"
서울특별시 강남구 압구정동,397,미성2차,74.4,"205,000"
서울특별시 강남구 압구정동,397,미성2차,74.4,"205,000"
서울특별시 강남구 압구정동,397,미성2차,74.4,"202,000"
서울특별시 강남구 압구정동,397,미성2차,140.9,"287,500"
서울특별시 강남구 압구정동,397,미성2차,140.9,"305,000"
서울특별시 강남구 압구정동,397,미성2차,140.9,"305,000"
서울특별시 강남구 압구정동,397,미성2차,74.4,"220,000"
서울특별시 강남구 압구정동,397,미성2차,140.9,"320,000"
서울특별시 강남구 압구정동,433,신현대11차,183.41,"450,000"
서울특별시 강남구 압구정동,433,신현대11차,171.43,"445,000"
서울특별시 강남구 압구정동,434,신현대12차,108.31,"260,000"
서울특별시 강남구 압구정동,434,신현대12차,182.95,"440,000"
서울특별시 강남구 압구정동,434,신현대12차,110.82,"253,000"
서울특별시 강남구 압구정동,434,신현대12차,170.38,"420,000"
서울특별시 강남구 압구정동,434,신현대12차,155.52,"380,000"
서울특별시 강남구 압구정동,434,신현대12차,155.52,"390,000"
서울특별시 강남구 압구정동,434,신현대12차,110.82,"270,000"
서울특별시 강남구 압구정동,434,신현대12차,107.16,"259,000"
서울특별시 강남구 압구정동,434,신현대12차,107.16,"260,000"
서울특별시 강남구 압구정동,434,신현대12차,182.95,"450,000"
서울특별시 강남구 압구정동,434,신현대12차,107.16,"243,000"
서울특별시 강남구 압구정동,434,신현대12차,155.52,"438,000"
서울특별시 강남구 압구정동,434,신현대12차,110.82,"274,000"
서울특별시 강남구 압구정동,434,신현대12차,107.16,"259,000"
서울특별시 강남구 압구정동,434,신현대12차,110.82,"262,000"
서울특별시 강남구 압구정동,426,신현대9차,152.28,"348,000"
서울특별시 강남구 압구정동,426,신현대9차,108.88,"261,000"
서울특별시 강남구 압구정동,426,신현대9차,108.88,"250,000"
서울특별시 강남구 압구정동,426,신현대9차,152.39,"370,000"
서울특별시 강남구 압구정동,426,신현대9차,111.38,"253,000"
서울특별시 강남구 압구정동,426,신현대9차,108.88,"253,000"
서울특별시 강남구 압구정동,426,신현대9차,109.24,"260,000"
서울특별시 강남구 압구정동,426,신현대9차,108.88,"262,000"
서울특별시 강남구 압구정동,426,신현대9차,109.24,"270,000"
서울특별시 강남구 압구정동,426,신현대9차,152.28,"420,000"
서울특별시 강남구 압구정동,490,한양1차(영동한양),78.05,"223,000"
서울특별시 강남구 압구정동,490,한양1차(영동한양),78.05,"220,000"
서울특별시 강남구 압구정동,490,한양1차(영동한양),63.87,"205,000"
서울특별시 강남구 압구정동,490,한양1차(영동한양),63.87,"202,000"
서울특별시 강남구 압구정동,490,한양1차(영동한양),78.05,"230,000"
서울특별시 강남구 압구정동,490,한양1차(영동한양),83.04,"210,000"
서울특별시 강남구 압구정동,490,한양1차(영동한양),63.87,"210,000"
서울특별시 강남구 압구정동,490,한양1차(영동한양),91.21,"262,000"
서울특별시 강남구 압구정동,490,한양1차(영동한양),49.98,"170,500"
서울특별시 강남구 압구정동,490,한양1차(영동한양),78.05,"240,000"
서울특별시 강남구 압구정동,493,한양2,175.92,"368,000"
서울특별시 강남구 압구정동,493,한양2,175.92,"400,000"
서울특별시 강남구 압구정동,489,한양3,116.94,"260,000"
서울특별시 강남구 압구정동,489,한양3,116.94,"260,000"
서울특별시 강남구 압구정동,489,한양3,117.26,"272,000"
서울특별시 강남구 압구정동,489,한양3,116.94,"280,000"
서울특별시 강남구 압구정동,489,한양3,116.94,"280,000"
서울특별시 강남구 압구정동,486,한양4,101.09,"215,000"
서울특별시 강남구 압구정동,486,한양4,101.09,"240,000"
서울특별시 강남구 압구정동,486,한양4,101.09,"240,000"
서울특별시 강남구 압구정동,486,한양4,101.09,"229,000"
서울특별시 강남구 압구정동,513,한양5,100.5,"218,000"
서울특별시 강남구 압구정동,513,한양5,100.5,"223,000"
서울특별시 강남구 압구정동,513,한양5,100.5,"230,000"
서울특별시 강남구 압구정동,513,한양5,102.22,"215,000"
서울특별시 강남구 압구정동,513,한양5,115.24,"278,000"
서울특별시 강남구 압구정동,484,한양6,154.12,"350,000"
서울특별시 강남구 압구정동,528,한양7,137.55,"339,000"
서울특별시 강남구 압구정동,528,한양7,106.22,"270,000"
서울특별시 강남구 압구정동,528,한양7,106.22,"268,000"
서울특별시 강남구 압구정동,510,한양8(81동한개동),210.1,"475,000"
서울특별시 강남구 압구정동,510,한양8(81동한개동),210.1,"478,000"
서울특별시 강남구 압구정동,436,"현대10차(201,202동)",151.93,"345,000"
서울특별시 강남구 압구정동,436,"현대10차(201,202동)",108.15,"270,000"
서울특별시 강남구 압구정동,436,"현대10차(201,202동)",108.15,"275,000"
서울특별시 강남구 압구정동,448,현대13차(208~211동),108.47,"275,000"
서울특별시 강남구 압구정동,448,현대13차(208~211동),108.47,"265,000"
서울특별시 강남구 압구정동,448,현대13차(208~211동),108.47,"275,000"
서울특별시 강남구 압구정동,447,"현대14차(203,204,205,206동)",84.94,"280,000"
서울특별시 강남구 압구정동,447,"현대14차(203,204,205,206동)",84.98,"290,000"
서울특별시 강남구 압구정동,447,"현대14차(203,204,205,206동)",84.98,"280,000"
서울특별시 강남구 압구정동,447,"현대14차(203,204,205,206동)",84.94,"280,000"
서울특별시 강남구 압구정동,447,"현대14차(203,204,205,206동)",84.98,"268,000"
서울특별시 강남구 압구정동,369-1,"현대1차(12,13,21,22,31,32,33동)",131.48,"305,000"
서울특별시 강남구 압구정동,369-1,"현대1차(12,13,21,22,31,32,33동)",196.21,"465,000"
서울특별시 강남구 압구정동,369-1,"현대1차(12,13,21,22,31,32,33동)",196.21,"470,000"
서울특별시 강남구 압구정동,369-1,"현대1차(12,13,21,22,31,32,33동)",196.21,"485,000"
서울특별시 강남구 압구정동,369-1,"현대1차(12,13,21,22,31,32,33동)",196.21,"517,500"
서울특별시 강남구 압구정동,369-1,"현대1차(12,13,21,22,31,32,33동)",131.48,"283,000"
서울특별시 강남구 압구정동,369-1,"현대2차(10,11,20,23,24,25동)",161.19,"347,000"
서울특별시 강남구 압구정동,369-1,"현대2차(10,11,20,23,24,25동)",160.28,"370,000"
서울특별시 강남구 압구정동,369-1,"현대2차(10,11,20,23,24,25동)",160.28,"420,000"
서울특별시 강남구 압구정동,369-1,"현대2차(10,11,20,23,24,25동)",160.52,"392,000"
서울특별시 강남구 압구정동,369-1,"현대2차(10,11,20,23,24,25동)",160.28,"400,000"
서울특별시 강남구 압구정동,369-1,"현대2차(10,11,20,23,24,25동)",160.28,"420,000"
서울특별시 강남구 압구정동,369-1,"현대2차(10,11,20,23,24,25동)",196.84,"493,000"
서울특별시 강남구 압구정동,369-1,"현대2차(10,11,20,23,24,25동)",198.41,"500,000"
서울특별시 강남구 압구정동,443,현대3차(61~64동),82.5,"239,500"
서울특별시 강남구 압구정동,443,현대3차(61~64동),82.56,"248,000"
서울특별시 강남구 압구정동,443,현대3차(61~64동),82.5,"200,000"
서울특별시 강남구 압구정동,443,현대3차(61~64동),82.5,"235,000"
서울특별시 강남구 압구정동,443,현대3차(61~64동),82.5,"238,000"
서울특별시 강남구 압구정동,443,현대3차(61~64동),82.5,"240,500"
서울특별시 강남구 압구정동,462,현대4차저층(51~56동),117.9,"360,000"
서울특별시 강남구 압구정동,455,"현대5차(71,72동)",82.23,"272,000"
서울특별시 강남구 압구정동,455,"현대5차(71,72동)",82.23,"280,000"
서울특별시 강남구 압구정동,455,"현대5차(71,72동)",82.23,"285,000"
서울특별시 강남구 압구정동,455,"현대5차(71,72동)",82.23,"283,000"
서울특별시 강남구 압구정동,456,"현대6차(78~81,83,84,86,87동)",196.7,"480,000"
서울특별시 강남구 압구정동,456,"현대6차(78~81,83,84,86,87동)",144.2,"350,000"
서울특별시 강남구 압구정동,456,"현대6차(78~81,83,84,86,87동)",196.7,"480,000"
서울특별시 강남구 압구정동,456,"현대6차(78~81,83,84,86,87동)",157.36,"389,000"
서울특별시 강남구 압구정동,456,"현대6차(78~81,83,84,86,87동)",196.7,"446,000"
서울특별시 강남구 압구정동,456,"현대6차(78~81,83,84,86,87동)",144.7,"360,000"
서울특별시 강남구 압구정동,456,"현대6차(78~81,83,84,86,87동)",144.7,"344,000"
서울특별시 강남구 압구정동,456,"현대6차(78~81,83,84,86,87동)",144.2,"359,000"
서울특별시 강남구 압구정동,456,"현대6차(78~81,83,84,86,87동)",157.36,"420,000"
서울특별시 강남구 압구정동,456,"현대7차(73~77,82,85동)",144.2,"326,000"
서울특별시 강남구 압구정동,456,"현대7차(73~77,82,85동)",196.7,"463,000"
서울특별시 강남구 압구정동,456,"현대7차(73~77,82,85동)",144.2,"367,000"
서울특별시 강남구 압구정동,456,"현대7차(73~77,82,85동)",157.36,"400,000"
서울특별시 강남구 압구정동,456,"현대7차(73~77,82,85동)",144.2,"400,000"
서울특별시 강남구 압구정동,456,"현대7차(73~77,82,85동)",157.36,"420,000"
서울특별시 강남구 압구정동,456,"현대7차(73~77,82,85동)",245.2,"650,000"
서울특별시 강남구 압구정동,456,"현대7차(73~77,82,85동)",196.7,"520,000"
서울특별시 강남구 압구정동,481,현대8차(성수현대:91~95동),107.64,"238,000"
서울특별시 강남구 압구정동,481,현대8차(성수현대:91~95동),107.64,"230,000"
서울특별시 강남구 압구정동,481,현대8차(성수현대:91~95동),111.5,"225,000"
서울특별시 강남구 압구정동,481,현대8차(성수현대:91~95동),107.64,"248,000"
서울특별시 강남구 압구정동,481,현대8차(성수현대:91~95동),107.64,"250,000"
서울특별시 강남구 압구정동,481,현대8차(성수현대:91~95동),163.67,"312,500"
서울특별시 강남구 압구정동,481,현대8차(성수현대:91~95동),163.67,"300,000"
서울특별시 강남구 압구정동,446,현대빌라트,181.81,"365,000"
서울특별시 강남구 역삼동,755-4,e-편한세상,59.606,"180,000"
서울특별시 강남구 역삼동,755-4,e-편한세상,59.606,"172,000"
서울특별시 강남구 역삼동,755-4,e-편한세상,59.606,"185,000"
서울특별시 강남구 역삼동,755-4,e-편한세상,84.991,"225,000"
서울특별시 강남구 역삼동,755-4,e-편한세상,59.606,"198,000"
서울특별시 강남구 역삼동,755-4,e-편한세상,59.947,"190,000"
서울특별시 강남구 역삼동,823-7,강남역우정에쉐르,17.23,"19,050"
서울특별시 강남구 역삼동,823-7,강남역우정에쉐르,17.23,"19,060"
서울특별시 강남구 역삼동,838-10,강남웅진베어스빌,18.61,"40,120"
서울특별시 강남구 역삼동,755-1,개나리 푸르지오,133.1686,"270,000"
서울특별시 강남구 역삼동,755-1,개나리 푸르지오,148.8017,"295,000"
서울특별시 강남구 역삼동,755-1,개나리 푸르지오,133.1686,"275,000"
서울특별시 강남구 역삼동,716-3,개나리SK뷰,84.98,"250,000"
서울특별시 강남구 역삼동,716-3,개나리SK뷰,84.99,"260,000"
서울특별시 강남구 역삼동,716-3,개나리SK뷰,84.99,"250,000"
서울특별시 강남구 역삼동,716-3,개나리SK뷰,127.27,"295,000"
서울특별시 강남구 역삼동,716-3,개나리SK뷰,84.99,"255,000"
서울특별시 강남구 역삼동,754,개나리래미안,84.93,"230,000"
서울특별시 강남구 역삼동,754,개나리래미안,144.55,"285,000"
서울특별시 강남구 역삼동,722,경남아너스빌,81.013,"148,500"
서울특별시 강남구 역삼동,783-30,공간쉐르빌,79.48,"70,000"
서울특별시 강남구 역삼동,835-67,금호어울림,132.88,"189,000"
서울특별시 강남구 역삼동,835-67,금호어울림,84.95,"149,000"
서울특별시 강남구 역삼동,835-67,금호어울림,84.95,"149,800"
서울특별시 강남구 역삼동,835-67,금호어울림,84.95,"149,200"
서울특별시 강남구 역삼동,761-10,대림역삼,59.99,"145,000"
서울특별시 강남구 역삼동,761-10,대림역삼,84.96,"168,500"
서울특별시 강남구 역삼동,727-2,대명벨리온,30.522,"25,500"
서울특별시 강남구 역삼동,720-25,대우디오빌,59.505,"66,000"
서울특별시 강남구 역삼동,720-25,대우디오빌,36.96,"44,000"
서울특별시 강남구 역삼동,720-25,대우디오빌,30.03,"32,500"
서울특별시 강남구 역삼동,720-25,대우디오빌,59.505,"74,000"
서울특별시 강남구 역삼동,720-25,대우디오빌,30.03,"35,000"
서울특별시 강남구 역삼동,720-25,대우디오빌,39.13,"40,000"
서울특별시 강남구 역삼동,720-25,대우디오빌,36.96,"44,000"
서울특별시 강남구 역삼동,720-25,대우디오빌,30.03,"33,000"
서울특별시 강남구 역삼동,720-25,대우디오빌,84.986,"95,000"
서울특별시 강남구 역삼동,824-25,대우디오빌플러스,34.41,"31,500"
서울특별시 강남구 역삼동,824-25,대우디오빌플러스,43.99,"44,500"
서울특별시 강남구 역삼동,716,동부센트레빌,84.97,"171,000"
서울특별시 강남구 역삼동,763-16,래미안그레이튼,142.06,"300,000"
서울특별시 강남구 역삼동,763-16,래미안그레이튼,70.98,"215,000"
서울특별시 강남구 역삼동,762-3,래미안그레이튼(진달래2차),84.87,"215,000"
서울특별시 강남구 역삼동,762-3,래미안그레이튼(진달래2차),84.87,"220,000"
서울특별시 강남구 역삼동,762-3,래미안그레이튼(진달래2차),84.87,"223,000"
서울특별시 강남구 역삼동,762-3,래미안그레이튼(진달래2차),84.87,"218,000"
서울특별시 강남구 역삼동,762-3,래미안그레이튼(진달래2차),84.81,"230,000"
서울특별시 강남구 역삼동,713-7,래미안펜타빌,157.37,"285,000"
서울특별시 강남구 역삼동,713-7,래미안펜타빌,158.58,"270,000"
서울특별시 강남구 역삼동,713-7,래미안펜타빌,158.58,"275,000"
서울특별시 강남구 역삼동,644-6,로얄빌리지,103.49,"85,000"
서울특별시 강남구 역삼동,644-6,로얄빌리지,80.64,"77,000"
서울특별시 강남구 역삼동,835-68,롯데캐슬노블,176.03,"174,000"
서울특별시 강남구 역삼동,835-68,롯데캐슬노블,176.03,"183,000"
서울특별시 강남구 역삼동,835-68,롯데캐슬노블,242.82,"230,000"
서울특별시 강남구 역삼동,835-68,롯데캐슬노블,176.03,"199,500"
서울특별시 강남구 역삼동,787-4,리츠빌,93.22,"86,000"
서울특별시 강남구 역삼동,681-46,성영forU,114.01,"123,500"
서울특별시 강남구 역삼동,791-23,세종빌라트,122.45,"90,000"
서울특별시 강남구 역삼동,826-37,쌍용플레티넘밸류,84.96,"114,500"
서울특별시 강남구 역삼동,826-37,쌍용플레티넘밸류,116.67,"129,000"
서울특별시 강남구 역삼동,826-37,쌍용플레티넘밸류,84.96,"118,500"
서울특별시 강남구 역삼동,826-37,쌍용플레티넘밸류,116.67,"137,000"
서울특별시 강남구 역삼동,826-37,쌍용플레티넘밸류,110.57,"130,000"
서울특별시 강남구 역삼동,826-37,쌍용플레티넘밸류,116.67,"142,000"
서울특별시 강남구 역삼동,826-37,쌍용플레티넘밸류,84.9,"125,000"
서울특별시 강남구 역삼동,831-45,에스케이허브젠,71.91,"93,000"
서울특별시 강남구 역삼동,713-11,역삼 I'PARK,28.246,"79,000"
서울특별시 강남구 역삼동,713-11,역삼 I'PARK,131.38,"250,000"
서울특별시 강남구 역삼동,713-11,역삼 I'PARK,28.246,"78,000"
서울특별시 강남구 역삼동,713-11,역삼 I'PARK,28.246,"79,700"
서울특별시 강남구 역삼동,713-11,역삼 I'PARK,28.246,"79,700"
서울특별시 강남구 역삼동,713-11,역삼 I'PARK,28.246,"80,000"
서울특별시 강남구 역삼동,713-11,역삼 I'PARK,28.246,"81,000"
서울특별시 강남구 역삼동,713-11,역삼 I'PARK,116.285,"260,000"
서울특별시 강남구 역삼동,713-11,역삼 I'PARK,28.246,"81,000"
서울특별시 강남구 역삼동,713-11,역삼 I'PARK,130.156,"309,000"
서울특별시 강남구 역삼동,713-11,역삼 I'PARK,116.285,"264,000"
서울특별시 강남구 역삼동,713-11,역삼 I'PARK,116.285,"269,000"
서울특별시 강남구 역삼동,713-11,역삼 I'PARK,28.246,"83,000"
서울특별시 강남구 역삼동,713-11,역삼 I'PARK,28.246,"82,500"
서울특별시 강남구 역삼동,713-11,역삼 I'PARK,28.246,"82,000"
서울특별시 강남구 역삼동,765-32,역삼2차아이파크,84.891,"196,000"
서울특별시 강남구 역삼동,765-32,역삼2차아이파크,84.587,"200,000"
서울특별시 강남구 역삼동,826-29,역삼동우정에쉐르1,71.78,"72,000"
서울특별시 강남구 역삼동,826-29,역삼동우정에쉐르1,71.78,"74,000"
서울특별시 강남구 역삼동,826-29,역삼동우정에쉐르1,71.78,"80,000"
서울특별시 강남구 역삼동,795-41,역삼동월드메르디앙,103.07,"160,000"
서울특별시 강남구 역삼동,795-41,역삼동월드메르디앙,83.27,"140,000"
서울특별시 강남구 역삼동,607-17,역삼동칼라,60.66,"35,000"
서울특별시 강남구 역삼동,681-26,역삼동하나빌,28.44,"30,000"
서울특별시 강남구 역삼동,832-5,역삼디오슈페리움,46.9,"60,000"
서울특별시 강남구 역삼동,757,역삼래미안,59.53,"155,000"
서울특별시 강남구 역삼동,757,역삼래미안,80.87,"196,500"
서울특별시 강남구 역삼동,757,역삼래미안,59.73,"171,000"
서울특별시 강남구 역삼동,757,역삼래미안,59.4,"167,000"
서울특별시 강남구 역삼동,757,역삼래미안,59.4,"170,000"
서울특별시 강남구 역삼동,757,역삼래미안,59.4,"170,000"
서울특별시 강남구 역삼동,757,역삼래미안,59.4,"172,000"
서울특별시 강남구 역삼동,757,역삼래미안,59.4,"170,000"
서울특별시 강남구 역삼동,757,역삼래미안,59.4,"169,000"
서울특별시 강남구 역삼동,757,역삼래미안,80.87,"221,000"
서울특별시 강남구 역삼동,757,역삼래미안,80.87,"190,000"
서울특별시 강남구 역삼동,835-12,역삼르비앙1,152.58,"120,000"
서울특별시 강남구 역삼동,656-30,역삼엔스위트1,107.3,"92,500"
서울특별시 강남구 역삼동,711-3,역삼자이,114.019,"260,000"
서울특별시 강남구 역삼동,711-3,역삼자이,84.993,"230,000"
서울특별시 강남구 역삼동,711-3,역삼자이,84.993,"228,000"
서울특별시 강남구 역삼동,711-3,역삼자이,59.9977,"180,000"
서울특별시 강남구 역삼동,711-3,역삼자이,114.5958,"260,000"
서울특별시 강남구 역삼동,711-3,역삼자이,59.9977,"190,000"
서울특별시 강남구 역삼동,711-3,역삼자이,114.019,"295,000"
서울특별시 강남구 역삼동,711-3,역삼자이,59.9977,"188,000"
서울특별시 강남구 역삼동,711-3,역삼자이,114.019,"270,000"
서울특별시 강남구 역삼동,711-3,역삼자이,114.019,"285,000"
서울특별시 강남구 역삼동,754-1,역삼푸르지오,59.8848,"162,500"
서울특별시 강남구 역삼동,754-1,역삼푸르지오,59.8848,"170,000"
서울특별시 강남구 역삼동,754-1,역삼푸르지오,59.8848,"170,000"
서울특별시 강남구 역삼동,754-1,역삼푸르지오,84.9097,"229,000"
서울특별시 강남구 역삼동,754-1,역삼푸르지오,84.9097,"225,000"
서울특별시 강남구 역삼동,728-52,예지향,84.78,"93,500"
서울특별시 강남구 역삼동,727-9,요진와이시티미니,12.94,"18,000"
서울특별시 강남구 역삼동,727-9,요진와이시티미니,12.1,"17,000"
서울특별시 강남구 역삼동,727-9,요진와이시티미니,12.1,"21,000"
서울특별시 강남구 역삼동,706-11,우림루미아트1,23.9,"20,000"
서울특별시 강남구 역삼동,706-10,우림루미아트2,24,"22,800"
서울특별시 강남구 역삼동,706-10,우림루미아트2,23.9,"20,300"
서울특별시 강남구 역삼동,706-10,우림루미아트2,23.66,"19,500"
서울특별시 강남구 역삼동,706-10,우림루미아트2,24,"20,300"
서울특별시 강남구 역삼동,797-12,우성빌라트,129.72,"90,000"
서울특별시 강남구 역삼동,735-15,이스턴오피스텔,15.25,"19,500"
서울특별시 강남구 역삼동,735-15,이스턴오피스텔,14.78,"19,500"
서울특별시 강남구 역삼동,747-1,조이너스,84.28,"90,000"
서울특별시 강남구 역삼동,709-5,테헤란아이파크,70.8391,"210,000"
서울특별시 강남구 역삼동,709-5,테헤란아이파크,92.6232,"247,000"
서울특별시 강남구 역삼동,709-5,테헤란아이파크,70.8333,"219,000"
서울특별시 강남구 역삼동,709-5,테헤란아이파크,92.6232,"249,000"
서울특별시 강남구 역삼동,709-5,테헤란아이파크,92.6232,"233,000"
서울특별시 강남구 역삼동,709-5,테헤란아이파크,70.8391,"230,000"
서울특별시 강남구 역삼동,709-5,테헤란아이파크,70.8333,"227,000"
서울특별시 강남구 역삼동,709-5,테헤란아이파크,92.6232,"260,000"
서울특별시 강남구 역삼동,766-8,트레벨,33.48,"40,000"
서울특별시 강남구 역삼동,766-8,트레벨,33.48,"57,000"
서울특별시 강남구 역삼동,635-5,풍림 지오빌,42.8,"52,700"
서울특별시 강남구 역삼동,723-16,프리빌리지,31.42,"56,700"
서울특별시 강남구 역삼동,836,한스빌(836),39.89,"36,000"
서울특별시 강남구 역삼동,836,한스빌(836),39.89,"39,000"
서울특별시 강남구 역삼동,836,한스빌(836),39.89,"40,000"
서울특별시 강남구 역삼동,836,한스빌(836),39.89,"39,700"
서울특별시 강남구 역삼동,706-20,한화진넥스빌,39.2,"35,000"
서울특별시 강남구 역삼동,706-20,한화진넥스빌,43.58,"40,000"
서울특별시 강남구 역삼동,706-20,한화진넥스빌,39.2,"34,700"
서울특별시 강남구 역삼동,710,현대까르띠에710,171.944,"250,000"
서울특별시 강남구 역삼동,710,현대까르띠에710,149.7,"260,000"
서울특별시 강남구 역삼동,710,현대까르띠에710,149.7,"254,000"
서울특별시 강남구 역삼동,775-15,현대하이츠,111.96,"91,000"
서울특별시 강남구 역삼동,606-18,현대휴먼터치빌,25.92,"24,000"
서울특별시 강남구 역삼동,606-18,현대휴먼터치빌,35.88,"29,000"
서울특별시 강남구 일원동,735,가람,75.16,"170,500"
서울특별시 강남구 일원동,735,가람,75.16,"172,500"
서울특별시 강남구 일원동,735,가람,75.16,"172,000"
서울특별시 강남구 일원동,615-1,개포한신,107.6,"197,500"
서울특별시 강남구 일원동,615-1,개포한신,107.6,"202,000"
서울특별시 강남구 일원동,741,래미안 개포 루체하임,59.99,"173,000"
서울특별시 강남구 일원동,741,래미안 개포 루체하임,121.71,"283,000"
서울특별시 강남구 일원동,741,래미안 개포 루체하임,84.97,"239,000"
서울특별시 강남구 일원동,741,래미안 개포 루체하임,84.97,"240,000"
서울특별시 강남구 일원동,741,래미안 개포 루체하임,101.97,"245,000"
서울특별시 강남구 일원동,741,래미안 개포 루체하임,71.68,"200,000"
서울특별시 강남구 일원동,741,래미안 개포 루체하임,84.99,"230,000"
서울특별시 강남구 일원동,741,래미안 개포 루체하임,84.97,"234,000"
서울특별시 강남구 일원동,741,래미안 개포 루체하임,84.97,"248,500"
서울특별시 강남구 일원동,741,래미안 개포 루체하임,151.09,"357,000"
서울특별시 강남구 일원동,741,래미안 개포 루체하임,84.99,"250,000"
서울특별시 강남구 일원동,741,래미안 개포 루체하임,71.68,"190,000"
서울특별시 강남구 일원동,716,목련타운,134.71,"220,000"
서울특별시 강남구 일원동,716,목련타운,99.79,"186,000"
서울특별시 강남구 일원동,734,상록수,74.54,"163,500"
서울특별시 강남구 일원동,734,상록수,84.95,"175,000"
서울특별시 강남구 일원동,734,상록수,74.54,"168,000"
서울특별시 강남구 일원동,734,상록수,74.54,"166,000"
서울특별시 강남구 일원동,734,상록수,74.54,"175,000"
서울특별시 강남구 일원동,718,샘터마을,101.97,"172,000"
서울특별시 강남구 일원동,718,샘터마을,101.97,"191,000"
서울특별시 강남구 일원동,718,샘터마을,101.97,"185,000"
서울특별시 강남구 일원동,711,수서,39.98,"85,000"
서울특별시 강남구 일원동,711,수서,49.68,"101,500"
서울특별시 강남구 일원동,711,수서,59.94,"110,000"
서울특별시 강남구 일원동,711,수서,39.98,"85,000"
서울특별시 강남구 일원동,711,수서,59.96,"110,000"
서울특별시 강남구 일원동,711,수서,59.94,"125,000"
서울특별시 강남구 일원동,711,수서,39.98,"85,300"
서울특별시 강남구 일원동,711,수서,49.68,"108,000"
서울특별시 강남구 일원동,711,수서,39.98,"84,800"
서울특별시 강남구 일원동,711,수서,39.98,"85,000"
서울특별시 강남구 일원동,711,수서,39.98,"87,000"
서울특별시 강남구 일원동,711,수서,51.76,"105,000"
서울특별시 강남구 일원동,711,수서,59.94,"125,000"
서울특별시 강남구 일원동,711,수서,59.94,"127,500"
서울특별시 강남구 일원동,711,수서,39.98,"83,000"
서울특별시 강남구 일원동,711,수서,52.29,"112,000"
서울특별시 강남구 일원동,711,수서,39.98,"88,000"
서울특별시 강남구 일원동,615,우성7,83.69,"179,000"
서울특별시 강남구 일원동,615,우성7,68.39,"160,000"
서울특별시 강남구 일원동,615,우성7,83.69,"183,000"
서울특별시 강남구 일원동,615,우성7,83.69,"185,000"
서울특별시 강남구 일원동,615,우성7,68.39,"160,000"
서울특별시 강남구 일원동,615,우성7,84.06,"185,000"
서울특별시 강남구 일원동,615,우성7,83.69,"190,000"
서울특별시 강남구 일원동,615,우성7,68.4,"175,000"
서울특별시 강남구 일원동,615,우성7,84.06,"200,000"
서울특별시 강남구 일원동,719,푸른마을 아파트 101동~111동,59.76,"116,000"
서울특별시 강남구 일원동,719,푸른마을 아파트 101동~111동,59.76,"117,000"
서울특별시 강남구 일원동,719,푸른마을 아파트 101동~111동,84.93,"153,000"
서울특별시 강남구 일원동,719,푸른마을 아파트 101동~111동,84.93,"155,000"
서울특별시 강남구 일원동,719,푸른마을 아파트 101동~111동,84.93,"160,000"
서울특별시 강남구 일원동,719,푸른마을 아파트 101동~111동,84.93,"159,500"
서울특별시 강남구 일원동,719,푸른마을 아파트 101동~111동,59.76,"132,000"
서울특별시 강남구 일원동,719,푸른마을 아파트 101동~111동,59.76,"130,000"
서울특별시 강남구 일원동,719,푸른마을 아파트 101동~111동,59.76,"130,000"
서울특별시 강남구 일원동,719,푸른마을 아파트 101동~111동,84.93,"165,000"
서울특별시 강남구 일원동,719,푸른마을 아파트 101동~111동,59.76,"135,000"
서울특별시 강남구 일원동,719,푸른마을 아파트 101동~111동,59.76,"129,500"
서울특별시 강남구 일원동,719,푸른마을 아파트 101동~111동,84.93,"157,000"
서울특별시 강남구 일원동,731,한솔마을,84.73,"165,000"
서울특별시 강남구 일원동,731,한솔마을,84.73,"161,000"
서울특별시 강남구 일원동,731,한솔마을,84.73,"164,500"
서울특별시 강남구 일원동,731,한솔마을,84.73,"175,000"
서울특별시 강남구 일원동,731,한솔마을,84.73,"170,000"
서울특별시 강남구 일원동,731,한솔마을,84.73,"175,000"
서울특별시 강남구 일원동,731,한솔마을,84.73,"168,500"
서울특별시 강남구 일원동,731,한솔마을,84.73,"187,000"
서울특별시 강남구 일원동,731,한솔마을,63.76,"151,000"
서울특별시 강남구 일원동,731,한솔마을,84.73,"181,000"
서울특별시 강남구 일원동,614,현대4,84.98,"160,000"
서울특별시 강남구 일원동,614,현대4,84.98,"160,000"
서울특별시 강남구 자곡동,BL-4,강남한양수자인(4단지),84.89,"144,500"
서울특별시 강남구 자곡동,BL-4,강남한양수자인(4단지),101.51,"155,000"
서울특별시 강남구 자곡동,BL-4,강남한양수자인(4단지),84.89,"142,000"
서울특별시 강남구 자곡동,BL-4,강남한양수자인(4단지),84.89,"144,500"
서울특별시 강남구 자곡동,BL-4,강남한양수자인(4단지),59.93,"124,800"
서울특별시 강남구 자곡동,BL-4,강남한양수자인(4단지),84.99,"149,500"
서울특별시 강남구 자곡동,BL-4,강남한양수자인(4단지),59.99,"123,500"
서울특별시 강남구 자곡동,BL-4,강남한양수자인(4단지),84.89,"159,800"
서울특별시 강남구 자곡동,BL-4,강남한양수자인(4단지),114.46,"177,000"
서울특별시 강남구 자곡동,BL-4,강남한양수자인(4단지),84.99,"155,000"
서울특별시 강남구 자곡동,BL-4,강남한양수자인(4단지),59.93,"130,000"
서울특별시 강남구 자곡동,BL-4,강남한양수자인(4단지),84.99,"154,000"
서울특별시 강남구 자곡동,BL-4,강남한양수자인(4단지),114.46,"161,500"
서울특별시 강남구 자곡동,611,래미안강남힐즈,91.96,"146,500"
서울특별시 강남구 자곡동,611,래미안강남힐즈,91.96,"153,000"
서울특별시 강남구 자곡동,611,래미안강남힐즈,91.96,"143,800"
서울특별시 강남구 자곡동,611,래미안강남힐즈,91.96,"152,500"
서울특별시 강남구 자곡동,611,래미안강남힐즈,91.95,"149,500"
서울특별시 강남구 자곡동,611,래미안강남힐즈,91.96,"155,000"
서울특별시 강남구 자곡동,611,래미안강남힐즈,91.96,"148,000"
서울특별시 강남구 자곡동,611,래미안강남힐즈,101.94,"158,000"
서울특별시 강남구 자곡동,611,래미안강남힐즈,101.95,"168,000"
서울특별시 강남구 자곡동,611,래미안강남힐즈,101.95,"173,000"
서울특별시 강남구 자곡동,611,래미안강남힐즈,91.96,"155,000"
서울특별시 강남구 자곡동,611,래미안강남힐즈,101.94,"168,000"
서울특별시 강남구 자곡동,611,래미안강남힐즈,101.54,"180,000"
서울특별시 강남구 자곡동,611,래미안강남힐즈,101.94,"178,000"
서울특별시 강남구 자곡동,611,래미안강남힐즈,101.94,"169,500"
서울특별시 강남구 자곡동,611,래미안강남힐즈,91.95,"150,000"
서울특별시 강남구 자곡동,611,래미안강남힐즈,101.95,"180,000"
서울특별시 강남구 자곡동,611,래미안강남힐즈,91.96,"150,000"
서울특별시 강남구 자곡동,611,래미안강남힐즈,101.94,"175,000"
서울특별시 강남구 자곡동,611,래미안강남힐즈,101.94,"170,000"
서울특별시 강남구 자곡동,611,래미안강남힐즈,91.95,"158,000"
서울특별시 강남구 자곡동,611,래미안강남힐즈,101.94,"182,000"
서울특별시 강남구 자곡동,611,래미안강남힐즈,101.94,"165,000"
서울특별시 강남구 자곡동,611,래미안강남힐즈,101.95,"180,000"
서울특별시 강남구 자곡동,611,래미안강남힐즈,101.94,"180,000"
서울특별시 강남구 자곡동,,래미안포레,84.99,"131,700"
서울특별시 강남구 자곡동,,래미안포레,84.99,"163,800"
서울특별시 강남구 자곡동,602,엘에이치강남아이파크,84.92,"148,000"
서울특별시 강남구 자곡동,602,엘에이치강남아이파크,74.97,"87,050"
서울특별시 강남구 자곡동,602,엘에이치강남아이파크,74.97,"113,700"
서울특별시 강남구 자곡동,602,엘에이치강남아이파크,84.92,"146,350"
서울특별시 강남구 자곡동,602,엘에이치강남아이파크,74.97,"88,150"
서울특별시 강남구 자곡동,602,엘에이치강남아이파크,74.97,"87,750"
서울특별시 강남구 자곡동,602,엘에이치강남아이파크,74.97,"82,950"
서울특별시 강남구 자곡동,602,엘에이치강남아이파크,84.92,"167,000"
서울특별시 강남구 자곡동,602,엘에이치강남아이파크,84.92,"96,250"
서울특별시 강남구 자곡동,602,엘에이치강남아이파크,59.96,"74,400"
서울특별시 강남구 자곡동,602,엘에이치강남아이파크,74.97,"82,300"
서울특별시 강남구 자곡동,602,엘에이치강남아이파크,84.92,"96,450"
서울특별시 강남구 자곡동,602,엘에이치강남아이파크,84.92,"98,850"
서울특별시 강남구 자곡동,602,엘에이치강남아이파크,74.97,"83,550"
서울특별시 강남구 자곡동,602,엘에이치강남아이파크,84.92,"96,900"
서울특별시 강남구 자곡동,602,엘에이치강남아이파크,74.97,"84,050"
서울특별시 강남구 자곡동,602,엘에이치강남아이파크,59.96,"125,000"
서울특별시 강남구 자곡동,602,엘에이치강남아이파크,84.92,"97,150"
서울특별시 강남구 청담동,117-6,대우로얄카운티3,244.68,"347,000"
서울특별시 강남구 청담동,76-12,라테라스 청담,39.91,"74,500"
서울특별시 강남구 청담동,76-12,라테라스 청담,35.31,"75,000"
서울특별시 강남구 청담동,76-12,라테라스 청담,18.62,"34,000"
서울특별시 강남구 청담동,76-12,라테라스 청담,18.62,"34,500"
서울특별시 강남구 청담동,76-12,라테라스 청담,18.62,"35,000"
서울특별시 강남구 청담동,134,래미안청담로이뷰,110.2,"243,000"
서울특별시 강남구 청담동,60,삼성청담공원아파트,84.96,"155,000"
서울특별시 강남구 청담동,60,삼성청담공원아파트,59.93,"137,500"
서울특별시 강남구 청담동,60,삼성청담공원아파트,107.22,"177,000"
서울특별시 강남구 청담동,60,삼성청담공원아파트,107.22,"180,000"
서울특별시 강남구 청담동,60,삼성청담공원아파트,107.22,"178,000"
서울특별시 강남구 청담동,60,삼성청담공원아파트,107.22,"184,500"
서울특별시 강남구 청담동,42,삼성청담아파트,59.99,"148,000"
서울특별시 강남구 청담동,10,삼환,84.97,"158,000"
서울특별시 강남구 청담동,10,삼환,84.91,"165,000"
서울특별시 강남구 청담동,106-1,상지리츠빌6,168.67,"220,000"
서울특별시 강남구 청담동,134-16,신동아,84.94,"190,000"
서울특별시 강남구 청담동,102-6,연세빌라(102-6),125.64,"199,000"
서울특별시 강남구 청담동,11-25,우성,74.72,"109,000"
서울특별시 강남구 청담동,94,이니그마빌,244.91,"360,000"
서울특별시 강남구 청담동,15,이편한세상,98.05,"184,000"
서울특별시 강남구 청담동,65,진흥아파트,109.31,"210,000"
서울특별시 강남구 청담동,108,청강(건영),84.595,"180,000"
서울특별시 강남구 청담동,108,청강(건영),84.595,"180,000"
서울특별시 강남구 청담동,122-35,청담 신원아침도시마인,27.7131,"35,000"
서울특별시 강남구 청담동,14,청담2차e-편한세상,112.5,"185,000"
서울특별시 강남구 청담동,14,청담2차e-편한세상,102.26,"173,000"
서울특별시 강남구 청담동,28-20,청담4차이편한세상,84.57,"183,000"
서울특별시 강남구 청담동,15-21,청담e-편한세상(현진),84.79,"150,000"
서울특별시 강남구 청담동,30-33,청담대림e-편한세상,81.84,"157,500"
서울특별시 강남구 청담동,30-33,청담대림e-편한세상,81.84,"158,000"
서울특별시 강남구 청담동,30-33,청담대림e-편한세상,81.84,"170,000"
서울특별시 강남구 청담동,30-33,청담대림e-편한세상,113.57,"190,000"
서울특별시 강남구 청담동,33,청담동삼성1차아파트101동,84.57,"163,800"
서울특별시 강남구 청담동,33,청담동삼성1차아파트101동,59.4,"134,000"
서울특별시 강남구 청담동,67-1,청담린든그로브,84.9979,"217,000"
서울특별시 강남구 청담동,110-13,청담멤버스카운티10차,147.91,"180,000"
서울특별시 강남구 청담동,134-15,청담삼익아파트,105.58,"287,500"
서울특별시 강남구 청담동,34-13,청담스위트,13.425,"23,000"
서울특별시 강남구 청담동,34-13,청담스위트,13.425,"25,000"
서울특별시 강남구 청담동,34-13,청담스위트,12.449,"23,000"
서울특별시 강남구 청담동,34-13,청담스위트,13.425,"24,000"
서울특별시 강남구 청담동,130,청담아이파크,110.18,"230,000"
서울특별시 강남구 청담동,134-38,청담자이,49.639,"172,000"
서울특별시 강남구 청담동,134-38,청담자이,89.115,"315,000"
서울특별시 강남구 청담동,134-38,청담자이,82.365,"260,000"
서울특별시 강남구 청담동,134-38,청담자이,82.365,"246,000"
서울특별시 강남구 청담동,134-38,청담자이,49.619,"176,000"
서울특별시 강남구 청담동,134-38,청담자이,49.618,"180,000"
서울특별시 강남구 청담동,134-38,청담자이,49.619,"174,000"
서울특별시 강남구 청담동,134-38,청담자이,49.618,"180,000"
서울특별시 강남구 청담동,134-38,청담자이,49.593,"175,000"
서울특별시 강남구 청담동,102-1,청담파라곤Ⅱ 1단지,198.81,"328,000"
서울특별시 강남구 청담동,102-1,청담파라곤Ⅱ 1단지,187.8,"245,000"
서울특별시 강남구 청담동,102-1,청담파라곤Ⅱ 1단지,198.81,"342,000"
서울특별시 강남구 청담동,127-31,청담현대3차아파트,85,"180,000"
서울특별시 강남구 청담동,127-31,청담현대3차아파트,59.95,"159,000"
서울특별시 강남구 청담동,35-48,한신오페라하우스 2차,120.22,"175,000"
서울특별시 강남구 청담동,23,현대아파트,84.76,"156,000"
서울특별시 강남구 청담동,23,현대아파트,84.76,"160,000"
서울특별시 강남구 청담동,141-1,흥화빌라,206.85,"260,000"